Date,BANR
2010-01-04,12.831230163574219
2010-01-05,12.597931861877441
2010-01-06,12.504611015319824
2010-01-07,13.204498291015625
2010-01-08,13.951042175292969
2010-01-11,13.344475746154785
2010-01-12,13.43779182434082
2010-01-13,13.437793731689453
2010-01-14,13.625082969665527
2010-01-15,13.437793731689453
2010-01-19,13.81236743927002
2010-01-20,13.81236743927002
2010-01-21,14.561515808105469
2010-01-22,13.999653816223145
2010-01-25,13.531439781188965
2010-01-26,13.344151496887207
2010-01-27,14.233758926391602
2010-01-28,14.374229431152344
2010-01-29,13.859189987182617
2010-02-01,13.671904563903809
2010-02-02,13.765542984008789
2010-02-03,13.484612464904785
2010-02-04,12.22043514251709
2010-02-05,12.314078330993652
2010-02-08,12.595002174377441
2010-02-09,13.250507354736328
2010-02-10,13.063222885131836
2010-02-11,13.484612464904785
2010-02-12,12.875935554504395
2010-02-16,12.969579696655273
2010-02-17,13.110048294067383
2010-02-18,13.016396522521973
2010-02-19,12.969579696655273
2010-02-22,12.922757148742676
2010-02-23,12.73547077178955
2010-02-24,13.016396522521973
2010-02-25,13.063222885131836
2010-02-26,12.688644409179688
2010-03-01,13.016396522521973
2010-03-02,13.016396522521973
2010-03-03,13.016396522521973
2010-03-04,13.81236743927002
2010-03-05,15.123373031616211
2010-03-08,15.0297212600708
2010-03-09,15.0297212600708
2010-03-10,15.638410568237305
2010-03-11,15.919341087341309
2010-03-12,15.919341087341309
2010-03-15,15.7320556640625
2010-03-16,16.387556076049805
2010-03-17,17.69855499267578
2010-03-18,17.277164459228516
2010-03-19,18.119951248168945
2010-03-22,16.99623680114746
2010-03-23,18.026309967041016
2010-03-24,18.07312774658203
2010-03-25,17.6517333984375
2010-03-26,17.370811462402344
2010-03-29,17.5580997467041
2010-03-30,17.2303466796875
2010-03-31,17.97948455810547
2010-04-01,18.447704315185547
2010-04-05,19.852357864379883
2010-04-06,22.287076950073242
2010-04-07,24.116962432861328
2010-04-08,26.744489669799805
2010-04-09,26.603734970092773
2010-04-12,26.181447982788086
2010-04-13,25.618408203125
2010-04-14,28.011337280273438
2010-04-15,30.73270034790039
2010-04-16,31.06113624572754
2010-04-19,31.48341941833496
2010-04-20,31.342666625976562
2010-04-21,32.844112396240234
2010-04-22,37.019996643066406
2010-04-23,37.44230651855469
2010-04-26,29.418930053710938
2010-04-27,27.72980308532715
2010-04-28,27.35445213317871
2010-04-29,26.88524055480957
2010-04-30,26.603734970092773
2010-05-03,26.228368759155273
2010-05-04,25.571491241455078
2010-05-05,25.19612693786621
2010-05-06,24.351560592651367
2010-05-07,23.17855453491211
2010-05-10,24.445405960083008
2010-05-11,25.524568557739258
2010-05-12,28.33977508544922
2010-05-13,26.979103088378906
2010-05-14,25.149194717407227
2010-05-17,24.86768341064453
2010-05-18,24.257719039916992
2010-05-19,23.929275512695312
2010-05-20,23.31932258605957
2010-05-21,23.17855453491211
2010-05-24,21.86478614807129
2010-05-25,21.160999298095703
2010-05-26,20.69179344177246
2010-05-27,21.39558982849121
2010-05-28,20.22258758544922
2010-06-01,19.424943923950195
2010-06-02,19.424943923950195
2010-06-03,20.175674438476562
2010-06-04,18.768062591552734
2010-06-07,17.92348861694336
2010-06-08,17.82965850830078
2010-06-09,17.54813575744629
2010-06-10,18.158100128173828
2010-06-11,17.1258602142334
2010-06-14,17.078941345214844
2010-06-15,18.205015182495117
2010-06-16,17.078941345214844
2010-06-17,16.6097354888916
2010-06-18,12.668440818786621
2010-06-21,12.668440818786621
2010-06-22,11.307757377624512
2010-06-23,10.603952407836914
2010-06-24,9.618633270263672
2010-06-25,9.290193557739258
2010-06-28,9.384031295776367
2010-06-29,9.337111473083496
2010-06-30,9.290193557739258
2010-07-01,9.524791717529297
2010-07-02,9.290193557739258
2010-07-06,9.477874755859375
2010-07-07,9.524791717529297
2010-07-08,10.090621948242188
2010-07-09,10.37353229522705
2010-07-12,10.37353229522705
2010-07-13,10.562143325805664
2010-07-14,10.04346752166748
2010-07-15,9.760555267333984
2010-07-16,9.430485725402832
2010-07-19,9.289027214050293
2010-07-20,9.477641105651855
2010-07-21,9.430485725402832
2010-07-22,10.232078552246094
2010-07-23,10.184924125671387
2010-07-26,11.175126075744629
2010-07-27,11.222281455993652
2010-07-28,11.410889625549316
2010-07-29,11.033672332763672
2010-07-30,11.08082389831543
2010-08-02,11.363736152648926
2010-08-03,11.127975463867188
2010-08-04,11.316585540771484
2010-08-05,11.175126075744629
2010-08-06,11.222281455993652
2010-08-09,10.98651123046875
2010-08-10,10.562143325805664
2010-08-11,9.71340274810791
2010-08-12,9.902012825012207
2010-08-13,9.854857444763184
2010-08-16,9.902012825012207
2010-08-17,10.37353229522705
2010-08-18,10.467839241027832
2010-08-19,9.996315002441406
2010-08-20,9.902012825012207
2010-08-23,9.854857444763184
2010-08-24,9.71340274810791
2010-08-25,9.571945190429688
2010-08-26,9.571945190429688
2010-08-27,9.66624927520752
2010-08-30,9.477641105651855
2010-08-31,9.619094848632812
2010-09-01,9.854857444763184
2010-09-02,10.279229164123535
2010-09-03,10.609296798706055
2010-09-07,10.37353229522705
2010-09-08,10.892215728759766
2010-09-09,10.939366340637207
2010-09-10,10.845061302185059
2010-09-13,10.892215728759766
2010-09-14,10.845061302185059
2010-09-15,10.750753402709961
2010-09-16,10.467839241027832
2010-09-17,10.37353229522705
2010-09-20,10.184924125671387
2010-09-21,10.467839241027832
2010-09-22,10.137772560119629
2010-09-23,9.854857444763184
2010-09-24,10.232078552246094
2010-09-27,10.184924125671387
2010-09-28,10.37353229522705
2010-09-29,10.514992713928223
2010-09-30,10.184924125671387
2010-10-01,10.090621948242188
2010-10-04,9.996315002441406
2010-10-05,9.902012825012207
2010-10-06,9.477641105651855
2010-10-07,8.911808967590332
2010-10-08,8.770352363586426
2010-10-11,8.53459358215332
2010-10-12,8.723200798034668
2010-10-13,8.723200798034668
2010-10-14,8.345979690551758
2010-10-15,8.345979690551758
2010-10-18,8.440284729003906
2010-10-19,8.487438201904297
2010-10-20,8.62968635559082
2010-10-21,8.58227252960205
2010-10-22,8.108107566833496
2010-10-25,8.202942848205566
2010-10-26,8.155526161193848
2010-10-27,8.06069564819336
2010-10-28,7.823616027832031
2010-10-29,7.823616027832031
2010-11-01,7.918449878692627
2010-11-02,8.202942848205566
2010-11-03,7.918449878692627
2010-11-04,7.965863227844238
2010-11-05,8.771933555603027
2010-11-08,8.8667631149292
2010-11-09,8.81934928894043
2010-11-10,8.771933555603027
2010-11-11,8.48743724822998
2010-11-12,8.440022468566895
2010-11-15,8.440022468566895
2010-11-16,8.440022468566895
2010-11-17,8.155526161193848
2010-11-18,8.06069564819336
2010-11-19,8.013279914855957
2010-11-22,8.06069564819336
2010-11-23,8.06069564819336
2010-11-24,7.871034145355225
2010-11-26,7.776200294494629
2010-11-29,7.871034145355225
2010-11-30,7.633953094482422
2010-12-01,7.823616027832031
2010-12-02,8.108107566833496
2010-12-03,8.202942848205566
2010-12-06,8.155526161193848
2010-12-07,7.965863227844238
2010-12-08,8.013279914855957
2010-12-09,8.155526161193848
2010-12-10,8.297778129577637
2010-12-13,8.06069564819336
2010-12-14,7.965863227844238
2010-12-15,7.681366443634033
2010-12-16,7.728785991668701
2010-12-17,8.06069564819336
2010-12-20,8.297778129577637
2010-12-21,8.5348539352417
2010-12-22,9.720251083374023
2010-12-23,10.194408416748047
2010-12-27,10.621150016784668
2010-12-28,10.715981483459473
2010-12-29,10.953065872192383
2010-12-30,11.04788875579834
2010-12-31,11.000480651855469
2011-01-03,10.621150016784668
2011-01-04,10.478901863098145
2011-01-05,10.431485176086426
2011-01-06,10.431485176086426
2011-01-07,10.241823196411133
2011-01-10,10.146994590759277
2011-01-11,10.146994590759277
2011-01-12,10.336655616760254
2011-01-13,10.384075164794922
2011-01-14,10.526318550109863
2011-01-18,10.715981483459473
2011-01-19,10.241823196411133
2011-01-20,9.625419616699219
2011-01-21,10.052160263061523
2011-01-24,9.815083503723145
2011-01-25,10.004745483398438
2011-01-26,10.478901863098145
2011-01-27,11.24100399017334
2011-01-28,11.431532859802246
2011-01-31,11.24100399017334
2011-02-01,11.907845497131348
2011-02-02,12.050737380981445
2011-02-03,11.622054100036621
2011-02-04,11.383901596069336
2011-02-07,11.57442569732666
2011-02-08,11.431532859802246
2011-02-09,11.717321395874023
2011-02-10,11.717321395874023
2011-02-11,11.860214233398438
2011-02-14,11.812582015991211
2011-02-15,11.955477714538574
2011-02-16,11.955477714538574
2011-02-17,11.812582015991211
2011-02-18,11.907845497131348
2011-02-22,11.050483703613281
2011-02-23,10.907588005065918
2011-02-24,11.002852439880371
2011-02-25,11.717321395874023
2011-02-28,11.717321395874023
2011-03-01,11.717321395874023
2011-03-02,11.812582015991211
2011-03-03,12.050737380981445
2011-03-04,11.764952659606934
2011-03-07,11.57442569732666
2011-03-08,11.5267972946167
2011-03-09,11.431532859802246
2011-03-10,11.24100399017334
2011-03-11,11.24100399017334
2011-03-14,11.24100399017334
2011-03-15,11.336267471313477
2011-03-16,11.145746231079102
2011-03-17,11.24100399017334
2011-03-18,11.479165077209473
2011-03-21,11.5267972946167
2011-03-22,11.57442569732666
2011-03-23,11.383901596069336
2011-03-24,11.431532859802246
2011-03-25,11.5267972946167
2011-03-28,11.383901596069336
2011-03-29,11.57442569732666
2011-03-30,11.383901596069336
2011-03-31,11.24100399017334
2011-04-01,11.431532859802246
2011-04-04,11.336267471313477
2011-04-05,11.336267471313477
2011-04-06,11.336267471313477
2011-04-07,11.240605354309082
2011-04-08,11.00144100189209
2011-04-11,11.049278259277344
2011-04-12,11.192773818969727
2011-04-13,11.43193531036377
2011-04-14,11.575433731079102
2011-04-15,11.575433731079102
2011-04-18,11.336271286010742
2011-04-19,11.43193531036377
2011-04-20,11.479767799377441
2011-04-21,11.62326431274414
2011-04-25,11.671092987060547
2011-04-26,11.958089828491211
2011-04-27,12.053753852844238
2011-04-28,12.866901397705078
2011-04-29,13.153898239135742
2011-05-02,13.201728820800781
2011-05-03,12.771239280700684
2011-05-04,12.914737701416016
2011-05-05,12.627744674682617
2011-05-06,12.675573348999023
2011-05-09,12.771239280700684
2011-05-10,13.393059730529785
2011-05-11,13.201728820800781
2011-05-12,13.53656005859375
2011-05-13,13.584389686584473
2011-05-16,13.153898239135742
2011-05-17,12.723403930664062
2011-05-18,13.10606575012207
2011-05-19,13.10606575012207
2011-05-20,13.058234214782715
2011-05-23,12.723403930664062
2011-05-24,12.675573348999023
2011-05-25,12.914737701416016
2011-05-26,12.819068908691406
2011-05-27,12.914737701416016
2011-05-31,13.393059730529785
2011-06-01,13.10606575012207
2011-06-02,12.333915710449219
2011-06-03,11.732596397399902
2011-06-06,11.363603591918945
2011-06-07,11.418268203735352
2011-06-08,11.288434982299805
2011-06-09,11.213274955749512
2011-06-10,11.356767654418945
2011-06-13,12.279247283935547
2011-06-14,12.3065824508667
2011-06-15,12.245085716247559
2011-06-16,12.313417434692383
2011-06-17,12.279247283935547
2011-06-20,12.429584503173828
2011-06-21,12.361248016357422
2011-06-22,12.210920333862305
2011-06-23,11.76676082611084
2011-06-24,11.56176471710205
2011-06-27,11.992257118225098
2011-06-28,11.821427345275879
2011-06-29,12.0059232711792
2011-06-30,11.958089828491211
2011-07-01,12.258750915527344
2011-07-05,12.25191879272461
2011-07-06,12.552578926086426
2011-07-07,12.75768756866455
2011-07-08,12.3406343460083
2011-07-11,11.971441268920898
2011-07-12,12.14236068725586
2011-07-13,12.060317039489746
2011-07-14,11.711636543273926
2011-07-15,11.738986015319824
2011-07-18,11.328766822814941
2011-07-19,11.841540336608887
2011-07-20,12.176548957824707
2011-07-21,12.78503131866455
2011-07-22,12.771358489990234
2011-07-25,13.079017639160156
2011-07-26,12.812379837036133
2011-07-27,12.388494491577148
2011-07-28,12.78503131866455
2011-07-29,12.661970138549805
2011-08-01,12.94912052154541
2011-08-02,12.655128479003906
2011-08-03,12.668805122375488
2011-08-04,11.84837532043457
2011-08-05,11.089479446411133
2011-08-08,9.68791389465332
2011-08-09,9.947715759277344
2011-08-10,9.195651054382324
2011-08-11,9.455455780029297
2011-08-12,9.31871509552002
2011-08-15,9.838329315185547
2011-08-16,9.810977935791016
2011-08-17,10.234867095947266
2011-08-18,9.742608070373535
2011-08-19,9.3802490234375
2011-08-22,9.106771469116211
2011-08-23,9.57168197631836
2011-08-24,9.831485748291016
2011-08-25,9.510148048400879
2011-08-26,9.73576831817627
2011-08-29,10.604056358337402
2011-08-30,10.583544731140137
2011-08-31,10.569869041442871
2011-09-01,10.446805953979492
2011-09-02,9.708420753479004
2011-09-06,9.55800724029541
2011-09-07,10.474156379699707
2011-09-08,10.091288566589355
2011-09-09,9.817814826965332
2011-09-12,9.920367240905762
2011-09-13,10.002410888671875
2011-09-14,10.262212753295898
2011-09-15,10.460481643676758
2011-09-16,10.351091384887695
2011-09-19,10.029753684997559
2011-09-20,9.728933334350586
2011-09-21,9.14779281616211
2011-09-22,8.915339469909668
2011-09-23,8.79227352142334
2011-09-26,8.901664733886719
2011-09-27,9.093098640441895
2011-09-28,8.648696899414062
2011-09-29,8.949519157409668
2011-09-30,8.744416236877441
2011-10-03,8.361547470092773
2011-10-04,8.778600692749023
2011-10-05,8.580171585083008
2011-10-06,9.052291870117188
2011-10-07,8.56649112701416
2011-10-10,9.189132690429688
2011-10-11,9.517560005187988
2011-10-12,9.750201225280762
2011-10-13,9.681778907775879
2011-10-14,9.859675407409668
2011-10-17,9.592825889587402
2011-10-18,10.194947242736816
2011-10-19,9.859675407409668
2011-10-20,10.838114738464355
2011-10-21,11.631814956665039
2011-10-24,11.659187316894531
2011-10-25,11.522339820861816
2011-10-26,11.843923568725586
2011-10-27,12.391304969787598
2011-10-28,12.322883605957031
2011-10-31,12.02182388305664
2011-11-01,11.61129093170166
2011-11-02,12.2476167678833
2011-11-03,12.090246200561523
2011-11-04,11.809710502624512
2011-11-07,11.761820793151855
2011-11-08,11.96709156036377
2011-11-09,11.241813659667969
2011-11-10,11.207599639892578
2011-11-11,11.542868614196777
2011-11-14,11.556551933288574
2011-11-15,11.672869682312012
2011-11-16,11.467599868774414
2011-11-17,11.310230255126953
2011-11-18,11.35812759399414
2011-11-21,11.159699440002441
2011-11-22,11.091279029846191
2011-11-23,10.44810676574707
2011-11-25,10.277050971984863
2011-11-28,10.543898582458496
2011-11-29,10.434423446655273
2011-11-30,11.070754051208496
2011-12-01,10.920223236083984
2011-12-02,11.159699440002441
2011-12-05,11.406024932861328
2011-12-06,11.29654598236084
2011-12-07,11.38549518585205
2011-12-08,11.214439392089844
2011-12-09,11.399178504943848
2011-12-12,11.38549518585205
2011-12-13,11.310230255126953
2011-12-14,11.344439506530762
2011-12-15,11.433390617370605
2011-12-16,11.310230255126953
2011-12-19,10.844958305358887
2011-12-20,11.419705390930176
2011-12-21,11.542868614196777
2011-12-22,11.61129093170166
2011-12-23,11.693394660949707
2011-12-27,11.597602844238281
2011-12-28,11.693394660949707
2011-12-29,11.830238342285156
2011-12-30,11.73444938659668
2012-01-03,12.014983177185059
2012-01-04,12.261445045471191
2012-01-05,12.186132431030273
2012-01-06,12.186132431030273
2012-01-09,12.20667552947998
2012-01-10,12.391517639160156
2012-01-11,12.384673118591309
2012-01-12,12.4052152633667
2012-01-13,12.36413288116455
2012-01-17,12.377830505371094
2012-01-18,12.631134986877441
2012-01-19,12.542134284973145
2012-01-20,12.706441879272461
2012-01-23,12.603753089904785
2012-01-24,12.617443084716797
2012-01-25,12.95975112915039
2012-01-26,13.569055557250977
2012-01-27,13.685441017150879
2012-01-30,13.500596046447754
2012-01-31,13.445823669433594
2012-02-01,13.685441017150879
2012-02-02,13.678590774536133
2012-02-03,13.76759147644043
2012-02-06,13.664900779724121
2012-02-07,13.596440315246582
2012-02-08,13.603289604187012
2012-02-09,13.466364860534668
2012-02-10,13.274669647216797
2012-02-13,13.466364860534668
2012-02-14,13.726510047912598
2012-02-15,13.712825775146484
2012-02-16,13.952445983886719
2012-02-17,13.986671447753906
2012-02-21,14.01405143737793
2012-02-22,13.671749114990234
2012-02-23,13.91821575164795
2012-02-24,13.664900779724121
2012-02-27,13.637511253356934
2012-02-28,13.904519081115723
2012-02-29,14.109903335571289
2012-03-01,14.376904487609863
2012-03-02,14.007210731506348
2012-03-05,14.17151927947998
2012-03-06,13.712825775146484
2012-03-07,13.726510047912598
2012-03-08,13.8771333694458
2012-03-09,14.041441917419434
2012-03-12,13.890828132629395
2012-03-13,14.294747352600098
2012-03-14,14.390593528747559
2012-03-15,15.42436695098877
2012-03-16,15.28743839263916
2012-03-19,15.540748596191406
2012-03-20,15.527054786682129
2012-03-21,15.431204795837402
2012-03-22,15.136824607849121
2012-03-23,15.362747192382812
2012-03-26,15.492828369140625
2012-03-27,15.314825057983398
2012-03-28,15.396980285644531
2012-03-29,15.068360328674316
2012-03-30,15.08205509185791
2012-04-02,14.972517967224121
2012-04-03,14.773979187011719
2012-04-04,14.410967826843262
2012-04-05,14.294528007507324
2012-04-09,14.102747917175293
2012-04-10,13.808225631713867
2012-04-11,13.863015174865723
2012-04-12,14.205483436584473
2012-04-13,13.835623741149902
2012-04-16,14.082198143005371
2012-04-17,14.493155479431152
2012-04-18,14.376720428466797
2012-04-19,14.212333679199219
2012-04-20,14.349320411682129
2012-04-23,14.150690078735352
2012-04-24,15.369872093200684
2012-04-25,15.068504333496094
2012-04-26,15.034249305725098
2012-04-27,15.068504333496094
2012-04-30,15.034249305725098
2012-05-01,14.938359260559082
2012-05-02,15.013705253601074
2012-05-03,14.732879638671875
2012-05-04,14.232884407043457
2012-05-07,14.178083419799805
2012-05-08,14.150690078735352
2012-05-09,14.068497657775879
2012-05-10,14.356168746948242
2012-05-11,14.239728927612305
2012-05-14,14.07534408569336
2012-05-15,13.945213317871094
2012-05-16,13.726033210754395
2012-05-17,13.376716613769531
2012-05-18,13.226030349731445
2012-05-21,13.23288345336914
2012-05-22,13.102738380432129
2012-05-23,13.226030349731445
2012-05-24,13.28767204284668
2012-05-25,13.205483436584473
2012-05-29,13.479461669921875
2012-05-30,13.184938430786133
2012-05-31,13.150688171386719
2012-06-01,12.842470169067383
2012-06-04,12.486302375793457
2012-06-05,12.465760231018066
2012-06-06,12.664390563964844
2012-06-07,12.993151664733887
2012-06-08,13.013704299926758
2012-06-11,12.664390563964844
2012-06-12,12.97260856628418
2012-06-13,13.061647415161133
2012-06-14,13.308221817016602
2012-06-15,13.431512832641602
2012-06-18,13.23288345336914
2012-06-19,13.54794979095459
2012-06-20,13.760275840759277
2012-06-21,13.356164932250977
2012-06-22,13.883565902709961
2012-06-25,13.719184875488281
2012-06-26,13.890414237976074
2012-06-27,14.232884407043457
2012-06-28,14.32192325592041
2012-06-29,15.006855964660645
2012-07-02,15.02740478515625
2012-07-03,15.034249305725098
2012-07-05,14.629964828491211
2012-07-06,14.581989288330078
2012-07-09,14.239370346069336
2012-07-10,14.129732131958008
2012-07-11,14.109173774719238
2012-07-12,14.02694034576416
2012-07-13,14.540879249572754
2012-07-16,14.438090324401855
2012-07-17,14.575136184692383
2012-07-18,14.629964828491211
2012-07-19,14.479206085205078
2012-07-20,14.239370346069336
2012-07-23,13.92416000366211
2012-07-24,13.807662010192871
2012-07-25,14.047502517700195
2012-07-26,15.054803848266602
2012-07-27,15.315200805664062
2012-07-30,15.280941009521484
2012-07-31,15.575592994689941
2012-08-01,15.56873893737793
2012-08-02,15.644124984741211
2012-08-03,16.178607940673828
2012-08-06,16.411592483520508
2012-08-07,16.514381408691406
2012-08-08,16.59660530090332
2012-08-09,16.397886276245117
2012-08-10,16.44585609436035
2012-08-13,16.301958084106445
2012-08-14,16.301958084106445
2012-08-15,16.480117797851562
2012-08-16,16.754209518432617
2012-08-17,16.740510940551758
2012-08-20,16.665130615234375
2012-08-21,16.671985626220703
2012-08-22,16.72679901123047
2012-08-23,16.473262786865234
2012-08-24,16.4252986907959
2012-08-27,16.41844367980957
2012-08-28,16.651426315307617
2012-08-29,16.843294143676758
2012-08-30,16.56234359741211
2012-08-31,16.569202423095703
2012-09-04,16.582904815673828
2012-09-05,16.713096618652344
2012-09-06,17.131099700927734
2012-09-07,17.336666107177734
2012-09-10,16.891258239746094
2012-09-11,16.767913818359375
2012-09-12,16.665130615234375
2012-09-13,17.03516960144043
2012-09-14,17.131099700927734
2012-09-17,16.781625747680664
2012-09-18,17.014604568481445
2012-09-19,17.274995803833008
2012-09-20,17.350383758544922
2012-09-21,17.37093162536621
2012-09-24,17.405193328857422
2012-09-25,17.44631004333496
2012-09-26,17.63817596435547
2012-09-27,18.49472999572754
2012-09-28,18.604368209838867
2012-10-01,18.474172592163086
2012-10-02,18.597515106201172
2012-10-03,18.672924041748047
2012-10-04,19.063661575317383
2012-10-05,19.180194854736328
2012-10-08,19.228174209594727
2012-10-09,19.159626007080078
2012-10-10,19.2213191986084
2012-10-11,19.447526931762695
2012-10-12,19.043087005615234
2012-10-15,18.988250732421875
2012-10-16,18.885425567626953
2012-10-17,18.98139762878418
2012-10-18,18.549531936645508
2012-10-19,18.542686462402344
2012-10-22,18.652362823486328
2012-10-23,18.56324577331543
2012-10-24,18.974546432495117
2012-10-25,19.708024978637695
2012-10-26,19.687456130981445
2012-10-31,19.87254524230957
2012-11-01,20.400381088256836
2012-11-02,20.304405212402344
2012-11-05,19.803991317749023
2012-11-06,20.49634552001953
2012-11-07,19.673755645751953
2012-11-08,19.228174209594727
2012-11-09,19.557212829589844
2012-11-12,19.81770896911621
2012-11-13,19.73544692993164
2012-11-14,19.097930908203125
2012-11-15,19.454395294189453
2012-11-16,19.570920944213867
2012-11-19,20.41408348083496
2012-11-20,20.215295791625977
2012-11-21,20.56489372253418
2012-11-23,20.56489372253418
2012-11-26,20.893936157226562
2012-11-27,20.530620574951172
2012-11-28,20.3592472076416
2012-11-29,20.448362350463867
2012-11-30,20.599166870117188
2012-12-03,20.791107177734375
2012-12-04,20.88707733154297
2012-12-05,20.79796600341797
2012-12-06,20.489490509033203
2012-12-07,20.667724609375
2012-12-10,20.434650421142578
2012-12-11,20.530620574951172
2012-12-12,20.558032989501953
2012-12-13,20.736270904541016
2012-12-14,20.763687133789062
2012-12-17,20.818527221679688
2012-12-18,21.079015731811523
2012-12-19,21.072160720825195
2012-12-20,21.16128158569336
2012-12-21,21.16128158569336
2012-12-24,20.859657287597656
2012-12-26,20.763687133789062
2012-12-27,20.928213119506836
2012-12-28,20.98990249633789
2012-12-31,21.065309524536133
2013-01-02,21.36016845703125
2013-01-03,21.4218807220459
2013-01-04,21.325883865356445
2013-01-07,20.996734619140625
2013-01-08,21.531599044799805
2013-01-09,21.31902503967285
2013-01-10,21.120168685913086
2013-01-11,20.95559310913086
2013-01-14,20.88701820373535
2013-01-15,21.120168685913086
2013-01-16,21.305309295654297
2013-01-17,21.59331512451172
2013-01-18,21.709880828857422
2013-01-22,21.771604537963867
2013-01-23,21.565879821777344
2013-01-24,20.6744441986084
2013-01-25,20.6744441986084
2013-01-28,20.599010467529297
2013-01-29,20.585304260253906
2013-01-30,20.49616241455078
2013-01-31,20.708730697631836
2013-02-01,20.93502426147461
2013-02-04,20.90073585510254
2013-02-05,21.195592880249023
2013-02-06,21.325883865356445
2013-02-07,21.079021453857422
2013-02-08,21.065309524536133
2013-02-11,21.40130615234375
2013-02-12,21.216167449951172
2013-02-13,20.845884323120117
2013-02-14,20.976171493530273
2013-02-15,20.976171493530273
2013-02-19,21.017311096191406
2013-02-20,20.784160614013672
2013-02-21,20.564727783203125
2013-02-22,20.6744441986084
2013-02-25,20.48244857788086
2013-02-26,20.48930549621582
2013-02-27,20.48244857788086
2013-02-28,20.372730255126953
2013-03-01,20.509876251220703
2013-03-04,21.264171600341797
2013-03-05,21.497310638427734
2013-03-06,21.41502571105957
2013-03-07,21.43559455871582
2013-03-08,21.46988868713379
2013-03-11,21.531599044799805
2013-03-12,21.46988868713379
2013-03-13,21.490453720092773
2013-03-14,21.819602966308594
2013-03-15,21.723594665527344
2013-03-18,21.517885208129883
2013-03-19,21.565879821777344
2013-03-20,21.586456298828125
2013-03-21,21.40130615234375
2013-03-22,21.463031768798828
2013-03-25,21.524736404418945
2013-03-26,21.730457305908203
2013-03-27,21.703027725219727
2013-03-28,21.826454162597656
2013-04-01,21.57274055480957
2013-04-02,21.380741119384766
2013-04-03,21.036548614501953
2013-04-04,21.31190299987793
2013-04-05,21.33943748474121
2013-04-08,21.305015563964844
2013-04-09,20.905759811401367
2013-04-10,21.146696090698242
2013-04-11,21.139806747436523
2013-04-12,21.139806747436523
2013-04-15,20.554697036743164
2013-04-16,20.809389114379883
2013-04-17,20.651071548461914
2013-04-18,20.423904418945312
2013-04-19,20.823158264160156
2013-04-22,20.89887809753418
2013-04-23,21.167341232299805
2013-04-24,21.167341232299805
2013-04-25,21.56659507751465
2013-04-26,21.718040466308594
2013-04-29,22.158592224121094
2013-04-30,22.489011764526367
2013-05-01,21.910781860351562
2013-05-02,22.27562713623047
2013-05-03,22.41329574584961
2013-05-06,22.97775650024414
2013-05-07,23.555984497070312
2013-05-08,23.335708618164062
2013-05-09,23.2462158203125
2013-05-10,23.25999641418457
2013-05-13,23.163616180419922
2013-05-14,23.266864776611328
2013-05-15,23.170499801635742
2013-05-16,23.039705276489258
2013-05-17,23.287517547607422
2013-05-20,23.225570678710938
2013-05-21,23.225570678710938
2013-05-22,22.365110397338867
2013-05-23,22.206777572631836
2013-05-24,22.151714324951172
2013-05-28,22.406410217285156
2013-05-29,22.124177932739258
2013-05-30,22.523435592651367
2013-05-31,22.082874298095703
2013-06-03,22.04157829284668
2013-06-04,22.27562713623047
2013-06-05,22.35133934020996
2013-06-06,22.654220581054688
2013-06-07,22.674877166748047
2013-06-10,22.970870971679688
2013-06-11,22.41329574584961
2013-06-12,21.718040466308594
2013-06-13,22.27562713623047
2013-06-14,22.234312057495117
2013-06-17,22.420177459716797
2013-06-18,22.81254768371582
2013-06-19,22.729942321777344
2013-06-20,22.674877166748047
2013-06-21,22.91580581665039
2013-06-24,22.819433212280273
2013-06-25,22.922683715820312
2013-06-26,22.88138198852539
2013-06-27,23.287517547607422
2013-06-28,23.25999641418457
2013-07-01,23.817556381225586
2013-07-02,24.073144912719727
2013-07-03,23.748491287231445
2013-07-05,24.459976196289062
2013-07-08,24.32181739807129
2013-07-09,24.26656723022461
2013-07-10,24.25274658203125
2013-07-11,23.976436614990234
2013-07-12,24.238937377929688
2013-07-15,24.625761032104492
2013-07-16,24.47378921508789
2013-07-17,24.61884880065918
2013-07-18,24.888254165649414
2013-07-19,25.275089263916016
2013-07-22,25.841501235961914
2013-07-23,25.7862491607666
2013-07-24,25.69644546508789
2013-07-25,25.54447364807129
2013-07-26,25.793149948120117
2013-07-29,25.48921012878418
2013-07-30,25.43395233154297
2013-07-31,25.613554000854492
2013-08-01,26.04182243347168
2013-08-02,26.26286506652832
2013-08-05,26.552993774414062
2013-08-06,26.04182243347168
2013-08-07,25.717166900634766
2013-08-08,25.77243423461914
2013-08-09,25.613554000854492
2013-08-12,25.585926055908203
2013-08-13,25.392513275146484
2013-08-14,25.199094772338867
2013-08-15,24.832992553710938
2013-08-16,24.432340621948242
2013-08-19,24.08005714416504
2013-08-20,24.294187545776367
2013-08-21,24.142227172851562
2013-08-22,24.48760414123535
2013-08-23,24.501419067382812
2013-08-26,24.425437927246094
2013-08-27,23.637968063354492
2013-08-28,23.61724090576172
2013-08-29,23.948806762695312
2013-08-30,23.665597915649414
2013-09-03,24.066234588623047
2013-09-04,24.418529510498047
2013-09-05,24.390897750854492
2013-09-06,24.383995056152344
2013-09-09,24.556682586669922
2013-09-10,24.715557098388672
2013-09-11,24.674116134643555
2013-09-12,24.92278480529785
2013-09-13,25.130016326904297
2013-09-16,25.199094772338867
2013-09-17,25.48921012878418
2013-09-18,25.364877700805664
2013-09-19,24.957324981689453
2013-09-20,25.35106658935547
2013-09-23,25.7862491607666
2013-09-24,26.014192581176758
2013-09-25,26.07636260986328
2013-09-26,26.069461822509766
2013-09-27,25.98655891418457
2013-09-30,26.35958480834961
2013-10-01,26.587520599365234
2013-10-02,25.965848922729492
2013-10-03,25.59132957458496
2013-10-04,25.78553581237793
2013-10-07,25.36940574645996
2013-10-08,24.918609619140625
2013-10-09,25.085052490234375
2013-10-10,25.73004150390625
2013-10-11,26.541475296020508
2013-10-14,26.603897094726562
2013-10-15,26.10455322265625
2013-10-16,26.395835876464844
2013-10-17,26.354219436645508
2013-10-18,26.610830307006836
2013-10-21,26.5692195892334
2013-10-22,26.479049682617188
2013-10-23,26.465192794799805
2013-10-24,26.943716049194336
2013-10-25,26.936782836914062
2013-10-28,26.999202728271484
2013-10-29,27.089370727539062
2013-10-30,26.909040451049805
2013-10-31,26.534534454345703
2013-11-01,26.388896942138672
2013-11-04,26.277935028076172
2013-11-05,26.451313018798828
2013-11-06,26.458263397216797
2013-11-07,26.160030364990234
2013-11-08,27.39451789855957
2013-11-11,27.117111206054688
2013-11-12,27.221139907836914
2013-11-13,27.3875789642334
2013-11-14,27.4708194732666
2013-11-15,27.366771697998047
2013-11-18,27.60951805114746
2013-11-19,27.567913055419922
2013-11-20,28.01175308227539
2013-11-21,28.746904373168945
2013-11-22,29.03125762939453
2013-11-25,29.28092384338379
2013-11-26,29.676231384277344
2013-11-27,30.016069412231445
2013-11-29,30.14090347290039
2013-12-02,30.064619064331055
2013-12-03,29.57914161682129
2013-12-04,28.975770950317383
2013-12-05,29.05204963684082
2013-12-06,29.676231384277344
2013-12-09,29.76639175415039
2013-12-10,29.190763473510742
2013-12-11,29.07980728149414
2013-12-12,29.225444793701172
2013-12-13,29.447372436523438
2013-12-16,30.106229782104492
2013-12-17,30.22412872314453
2013-12-18,30.654111862182617
2013-12-19,29.77334213256836
2013-12-20,30.529285430908203
2013-12-23,31.042497634887695
2013-12-24,30.917661666870117
2013-12-26,31.042497634887695
2013-12-27,31.18120574951172
2013-12-30,30.9315242767334
2013-12-31,31.189001083374023
2014-01-02,30.861940383911133
2014-01-03,30.93850326538086
2014-01-06,30.8341064453125
2014-01-07,31.230758666992188
2014-01-08,30.785398483276367
2014-01-09,30.8689022064209
2014-01-10,30.88977813720703
2014-01-13,30.58359718322754
2014-01-14,30.54880142211914
2014-01-15,30.618389129638672
2014-01-16,30.18693733215332
2014-01-17,30.054733276367188
2014-01-21,30.534889221191406
2014-01-22,30.409635543823242
2014-01-23,28.342880249023438
2014-01-24,27.556556701660156
2014-01-27,27.180784225463867
2014-01-28,26.86067771911621
2014-01-29,26.136974334716797
2014-01-30,26.26919174194336
2014-01-31,25.628992080688477
2014-02-03,24.800891876220703
2014-02-04,25.13490867614746
2014-02-05,25.093162536621094
2014-02-06,25.378461837768555
2014-02-07,25.69161605834961
2014-02-10,25.406307220458984
2014-02-11,25.72640609741211
2014-02-12,25.935165405273438
2014-02-13,26.109134674072266
2014-02-14,26.464025497436523
2014-02-18,26.73542594909668
2014-02-19,25.886465072631836
2014-02-20,26.15785026550293
2014-02-21,26.081298828125
2014-02-24,26.61712646484375
2014-02-25,26.66582679748535
2014-02-26,27.048561096191406
2014-02-27,27.257320404052734
2014-02-28,27.619184494018555
2014-03-03,27.479999542236328
2014-03-04,28.523818969726562
2014-03-05,28.426395416259766
2014-03-06,28.558605194091797
2014-03-07,28.774322509765625
2014-03-10,28.850873947143555
2014-03-11,28.426395416259766
2014-03-12,28.4611873626709
2014-03-13,28.335933685302734
2014-03-14,28.57252311706543
2014-03-17,28.669960021972656
2014-03-18,28.788246154785156
2014-03-19,28.871755599975586
2014-03-20,29.46324920654297
2014-03-21,29.129222869873047
2014-03-24,28.990039825439453
2014-03-25,28.823041915893555
2014-03-26,28.558605194091797
2014-03-27,28.280258178710938
2014-03-28,28.134119033813477
2014-03-31,28.676904678344727
2014-04-01,29.240564346313477
2014-04-02,29.129222869873047
2014-04-03,29.171152114868164
2014-04-04,28.528194427490234
2014-04-07,28.304540634155273
2014-04-08,28.192718505859375
2014-04-09,28.004026412963867
2014-04-10,27.416969299316406
2014-04-11,26.850879669189453
2014-04-14,27.2841854095459
2014-04-15,27.15839195251465
2014-04-16,27.375045776367188
2014-04-17,27.801355361938477
2014-04-21,27.70351219177246
2014-04-22,28.381425857543945
2014-04-23,28.500232696533203
2014-04-24,27.83629035949707
2014-04-25,27.605674743652344
2014-04-28,27.68953514099121
2014-04-29,27.563732147216797
2014-04-30,27.63363265991211
2014-05-01,27.493852615356445
2014-05-02,27.696523666381836
2014-05-05,27.361072540283203
2014-05-06,27.0046329498291
2014-05-07,27.31214714050293
2014-05-08,27.228271484375
2014-05-09,27.661563873291016
2014-05-12,28.024999618530273
2014-05-13,27.493852615356445
2014-05-14,26.760028839111328
2014-05-15,26.445539474487305
2014-05-16,26.27082061767578
2014-05-19,26.697124481201172
2014-05-20,26.305763244628906
2014-05-21,26.284791946411133
2014-05-22,26.410587310791016
2014-05-23,26.787986755371094
2014-05-27,27.172380447387695
2014-05-28,26.767013549804688
2014-05-29,26.697124481201172
2014-05-30,26.676158905029297
2014-06-02,26.962692260742188
2014-06-03,27.263221740722656
2014-06-04,27.375045776367188
2014-06-05,28.43034553527832
2014-06-06,28.423351287841797
2014-06-09,29.059335708618164
2014-06-10,28.674949645996094
2014-06-11,28.192718505859375
2014-06-12,27.948116302490234
2014-06-13,27.948116302490234
2014-06-16,27.577709197998047
2014-06-17,27.96209144592285
2014-06-18,28.681941986083984
2014-06-19,28.29056739807129
2014-06-20,28.094886779785156
2014-06-23,27.745445251464844
2014-06-24,27.396005630493164
2014-06-25,27.640615463256836
2014-06-26,27.717491149902344
2014-06-27,27.84328842163086
2014-06-30,27.696523666381836
2014-07-01,28.094886779785156
2014-07-02,27.484128952026367
2014-07-03,28.122968673706055
2014-07-07,27.729833602905273
2014-07-08,27.301610946655273
2014-07-09,27.477100372314453
2014-07-10,27.11204719543457
2014-07-11,26.97867202758789
2014-07-14,26.901445388793945
2014-07-15,27.2103271484375
2014-07-16,26.894426345825195
2014-07-17,26.585540771484375
2014-07-18,26.515331268310547
2014-07-21,26.557456970214844
2014-07-22,26.557456970214844
2014-07-23,26.817201614379883
2014-07-24,27.82811164855957
2014-07-25,28.13701057434082
2014-07-28,28.101896286010742
2014-07-29,28.045745849609375
2014-07-30,28.56523323059082
2014-07-31,28.24932289123535
2014-08-01,27.835134506225586
2014-08-04,27.722824096679688
2014-08-05,27.596454620361328
2014-08-06,27.835134506225586
2014-08-07,27.477100372314453
2014-08-08,27.53326416015625
2014-08-11,27.58942222595215
2014-08-12,27.5262393951416
2014-08-13,27.729833602905273
2014-08-14,27.568368911743164
2014-08-15,27.154170989990234
2014-08-18,27.413921356201172
2014-08-19,27.540292739868164
2014-08-20,27.287561416625977
2014-08-21,28.031700134277344
2014-08-22,28.221254348754883
2014-08-25,27.968521118164062
2014-08-26,28.2423095703125
2014-08-27,28.108919143676758
2014-08-28,27.547306060791016
2014-08-29,27.645591735839844
2014-09-02,27.652603149414062
2014-09-03,27.919376373291016
2014-09-04,27.807048797607422
2014-09-05,27.659629821777344
2014-09-08,27.891300201416016
2014-09-09,27.34372329711914
2014-09-10,27.807048797607422
2014-09-11,28.08084487915039
2014-09-12,27.926403045654297
2014-09-15,27.470081329345703
2014-09-16,27.29457664489746
2014-09-17,27.29457664489746
2014-09-18,27.78598976135254
2014-09-19,27.329689025878906
2014-09-22,27.07695198059082
2014-09-23,27.083980560302734
2014-09-24,27.498159408569336
2014-09-25,26.96463394165039
2014-09-26,26.936548233032227
2014-09-29,27.315641403198242
2014-09-30,27.006752014160156
2014-10-01,26.7821102142334
2014-10-02,27.120670318603516
2014-10-03,27.43807029724121
2014-10-06,26.986656188964844
2014-10-07,27.014867782592773
2014-10-08,27.565052032470703
2014-10-09,26.873804092407227
2014-10-10,26.641036987304688
2014-10-13,27.021930694580078
2014-10-14,27.713172912597656
2014-10-15,27.085407257080078
2014-10-16,27.579145431518555
2014-10-17,27.332279205322266
2014-10-20,27.452184677124023
2014-10-21,27.93887710571289
2014-10-22,27.565052032470703
2014-10-23,28.86993980407715
2014-10-24,28.778244018554688
2014-10-27,29.13092041015625
2014-10-28,30.040815353393555
2014-10-29,30.414642333984375
2014-10-30,30.160724639892578
2014-10-31,30.485191345214844
2014-11-03,30.2453670501709
2014-11-04,30.471086502075195
2014-11-05,30.548683166503906
2014-11-06,30.33001136779785
2014-11-07,30.33001136779785
2014-11-10,30.33001136779785
2014-11-11,30.337064743041992
2014-11-12,30.774383544921875
2014-11-13,30.59804344177246
2014-11-14,30.44286346435547
2014-11-17,29.956172943115234
2014-11-18,29.79395866394043
2014-11-19,29.05332374572754
2014-11-20,29.145029067993164
2014-11-21,28.799409866333008
2014-11-24,29.060388565063477
2014-11-25,29.300199508666992
2014-11-26,29.66698455810547
2014-11-28,29.05332374572754
2014-12-01,28.566640853881836
2014-12-02,29.145029067993164
2014-12-03,29.561182022094727
2014-12-04,29.681087493896484
2014-12-05,30.372329711914062
2014-12-08,30.181894302368164
2014-12-09,30.823776245117188
2014-12-10,29.596452713012695
2014-12-11,29.892696380615234
2014-12-12,29.525903701782227
2014-12-15,29.159133911132812
2014-12-16,28.97574806213379
2014-12-17,29.6317195892334
2014-12-18,30.21009635925293
2014-12-19,29.97733497619629
2014-12-22,30.21009635925293
2014-12-23,30.238313674926758
2014-12-24,30.217161178588867
2014-12-26,30.26653289794922
2014-12-29,30.710893630981445
2014-12-30,30.78881072998047
2014-12-31,30.47007942199707
2015-01-02,30.030954360961914
2015-01-05,29.8397159576416
2015-01-06,28.833965301513672
2015-01-07,29.166854858398438
2015-01-08,30.14426612854004
2015-01-09,29.34392547607422
2015-01-12,29.23768424987793
2015-01-13,29.181026458740234
2015-01-14,28.48691177368164
2015-01-15,28.026531219482422
2015-01-16,28.543569564819336
2015-01-20,28.217761993408203
2015-01-21,27.88487434387207
2015-01-22,29.598905563354492
2015-01-23,28.996870040893555
2015-01-26,29.159772872924805
2015-01-27,28.741891860961914
2015-01-28,28.30984115600586
2015-01-29,28.784395217895508
2015-01-30,28.600229263305664
2015-02-02,29.36516761779785
2015-02-03,29.97429084777832
2015-02-04,30.108858108520508
2015-02-05,30.463010787963867
2015-02-06,31.256275177001953
2015-02-09,30.739229202270508
2015-02-10,31.022537231445312
2015-02-11,30.965885162353516
2015-02-12,31.454586029052734
2015-02-13,31.808734893798828
2015-02-17,32.17704772949219
2015-02-18,31.808734893798828
2015-02-19,31.532503128051758
2015-02-20,31.546661376953125
2015-02-23,31.71665382385254
2015-02-24,31.582069396972656
2015-02-25,31.369596481323242
2015-02-26,31.504169464111328
2015-02-27,30.92337417602539
2015-03-02,31.41208839416504
2015-03-03,31.447513580322266
2015-03-04,30.909217834472656
2015-03-05,31.065046310424805
2015-03-06,31.178356170654297
2015-03-09,31.546661376953125
2015-03-10,30.810056686401367
2015-03-11,31.03671646118164
2015-03-12,32.07786560058594
2015-03-13,32.17704772949219
2015-03-16,32.16995620727539
2015-03-17,32.12745666503906
2015-03-18,31.7874813079834
2015-03-19,31.92913818359375
2015-03-20,32.1345329284668
2015-03-23,31.96454620361328
2015-03-24,32.15579605102539
2015-03-25,31.829971313476562
2015-03-26,32.21244812011719
2015-03-27,31.922056198120117
2015-03-30,32.32577133178711
2015-03-31,32.50992202758789
2015-04-01,32.49571228027344
2015-04-02,32.509918212890625
2015-04-06,32.189937591552734
2015-04-07,32.29661560058594
2015-04-08,32.25393295288086
2015-04-09,32.14017105102539
2015-04-10,32.13306427001953
2015-04-13,32.68769073486328
2015-04-14,32.53126525878906
2015-04-15,32.85124588012695
2015-04-16,33.07877731323242
2015-04-17,32.232608795166016
2015-04-20,32.63080596923828
2015-04-21,32.00506591796875
2015-04-22,33.213890075683594
2015-04-23,32.99345016479492
2015-04-24,32.9294548034668
2015-04-27,32.58102798461914
2015-04-28,33.2921028137207
2015-04-29,32.80146408081055
2015-04-30,32.15440368652344
2015-05-01,31.820180892944336
2015-05-04,31.94106674194336
2015-05-05,31.500213623046875
2015-05-06,31.862855911254883
2015-05-07,31.7917423248291
2015-05-08,31.95529556274414
2015-05-11,32.218387603759766
2015-05-12,32.06194305419922
2015-05-13,32.332157135009766
2015-05-14,32.637916564941406
2015-05-15,31.877077102661133
2015-05-18,32.60236740112305
2015-05-19,32.94367218017578
2015-05-20,32.70191955566406
2015-05-21,32.48148727416992
2015-05-22,32.25393295288086
2015-05-26,32.01218032836914
2015-05-27,32.353492736816406
2015-05-28,32.41037368774414
2015-05-29,32.01218032836914
2015-06-01,31.7348575592041
2015-06-02,31.898405075073242
2015-06-03,32.38902282714844
2015-06-04,32.23971939086914
2015-06-05,33.242313385009766
2015-06-08,33.45564270019531
2015-06-09,33.74005889892578
2015-06-10,34.1738166809082
2015-06-11,34.38002014160156
2015-06-12,34.465354919433594
2015-06-15,34.13826370239258
2015-06-16,34.650238037109375
2015-06-17,34.04582214355469
2015-06-18,34.21648025512695
2015-06-19,34.57912826538086
2015-06-22,34.95599365234375
2015-06-23,35.01997756958008
2015-06-24,34.67156219482422
2015-06-25,34.721343994140625
2015-06-26,35.062652587890625
2015-06-29,34.04582214355469
2015-06-30,34.08136749267578
2015-07-01,34.35158920288086
2015-07-02,33.62629699707031
2015-07-06,34.018882751464844
2015-07-07,33.50495147705078
2015-07-08,33.28368377685547
2015-07-09,33.39075469970703
2015-07-10,33.94750213623047
2015-07-13,34.275840759277344
2015-07-14,34.354366302490234
2015-07-15,34.45429229736328
2015-07-16,34.58989334106445
2015-07-17,34.261558532714844
2015-07-20,34.39004898071289
2015-07-21,34.68983840942383
2015-07-22,35.15378952026367
2015-07-23,34.354366302490234
2015-07-24,33.56205368041992
2015-07-27,33.39075469970703
2015-07-28,33.65485763549805
2015-07-29,33.41930389404297
2015-07-30,34.04029083251953
2015-07-31,34.018882751464844
2015-08-03,34.26870346069336
2015-08-04,33.96177673339844
2015-08-05,34.61131286621094
2015-08-06,34.090248107910156
2015-08-07,33.69053649902344
2015-08-10,34.51850509643555
2015-08-11,33.68339538574219
2015-08-12,33.04813766479492
2015-08-13,33.63344192504883
2015-08-14,34.21873092651367
2015-08-17,34.21873092651367
2015-08-18,33.81901550292969
2015-08-19,33.21942901611328
2015-08-20,32.47711181640625
2015-08-21,32.5770378112793
2015-08-24,31.227998733520508
2015-08-25,30.335752487182617
2015-08-26,31.192298889160156
2015-08-27,31.092376708984375
2015-08-28,31.170879364013672
2015-08-31,31.69908332824707
2015-09-01,30.68551254272461
2015-09-02,31.206586837768555
2015-09-03,31.349332809448242
2015-09-04,31.227998733520508
2015-09-08,31.956037521362305
2015-09-09,31.806150436401367
2015-09-10,32.134490966796875
2015-09-11,32.86968231201172
2015-09-14,33.05527877807617
2015-09-15,33.583473205566406
2015-09-16,33.44784164428711
2015-09-17,32.612709045410156
2015-09-18,31.434986114501953
2015-09-21,32.29153060913086
2015-09-22,32.234413146972656
2015-09-23,32.79117202758789
2015-09-24,33.005306243896484
2015-09-25,33.39075469970703
2015-09-28,33.47639846801758
2015-09-29,33.81901550292969
2015-09-30,34.09739303588867
2015-10-01,34.15472412109375
2015-10-02,33.55286407470703
2015-10-05,34.29084396362305
2015-10-06,33.918270111083984
2015-10-07,35.358394622802734
2015-10-08,35.45871353149414
2015-10-09,34.81387710571289
2015-10-12,35.1506233215332
2015-10-13,35.41571044921875
2015-10-14,34.06873321533203
2015-10-15,35.136287689208984
2015-10-16,35.2652702331543
2015-10-19,35.1506233215332
2015-10-20,35.70231628417969
2015-10-21,35.007328033447266
2015-10-22,35.67365646362305
2015-10-23,35.02881622314453
2015-10-26,35.3369026184082
2015-10-27,34.799556732177734
2015-10-28,36.168033599853516
2015-10-29,36.33998489379883
2015-10-30,35.15778350830078
2015-11-02,36.2755012512207
2015-11-03,36.33998489379883
2015-11-04,36.11071014404297
2015-11-05,36.74837112426758
2015-11-06,37.75144577026367
2015-11-09,37.62964630126953
2015-11-10,37.98072814941406
2015-11-11,37.615318298339844
2015-11-12,36.79136657714844
2015-11-13,36.289833068847656
2015-11-16,36.51909637451172
2015-11-17,36.76987075805664
2015-11-18,36.884517669677734
2015-11-19,36.51193618774414
2015-11-20,36.906009674072266
2015-11-23,37.278560638427734
2015-11-24,37.27141189575195
2015-11-25,37.54367446899414
2015-11-27,37.622474670410156
2015-11-30,37.615318298339844
2015-12-01,37.393211364746094
2015-12-02,36.73404312133789
2015-12-03,36.246829986572266
2015-12-04,36.76987075805664
2015-12-07,36.039066314697266
2015-12-08,35.34408187866211
2015-12-09,34.7064094543457
2015-12-10,34.684898376464844
2015-12-11,32.90086364746094
2015-12-14,32.915184020996094
2015-12-15,33.86811447143555
2015-12-16,33.81079864501953
2015-12-17,33.5098762512207
2015-12-18,32.599952697753906
2015-12-21,33.173126220703125
2015-12-22,33.38807678222656
2015-12-23,33.40956497192383
2015-12-24,33.48838424682617
2015-12-28,33.60303497314453
2015-12-29,33.98991012573242
2015-12-30,33.43824005126953
2015-12-31,32.9850959777832
2016-01-04,31.920608520507812
2016-01-05,31.963748931884766
2016-01-06,32.201107025146484
2016-01-07,31.4243106842041
2016-01-08,31.00714111328125
2016-01-11,31.273277282714844
2016-01-12,31.23011016845703
2016-01-13,30.21596336364746
2016-01-14,30.31665802001953
2016-01-15,30.18000030517578
2016-01-19,29.726865768432617
2016-01-20,29.52547836303711
2016-01-21,29.158658981323242
2016-01-22,29.7844181060791
2016-01-25,28.727102279663086
2016-01-26,29.424768447875977
2016-01-27,29.403200149536133
2016-01-28,29.374425888061523
2016-01-29,29.84914207458496
2016-02-01,30.036144256591797
2016-02-02,29.129884719848633
2016-02-03,29.079530715942383
2016-02-04,28.86376190185547
2016-02-05,28.223617553710938
2016-02-08,27.72732925415039
2016-02-09,27.74890899658203
2016-02-10,27.14473533630371
2016-02-11,26.30320167541504
2016-02-12,27.432443618774414
2016-02-16,28.06538963317871
2016-02-17,28.06538963317871
2016-02-18,27.46840476989746
2016-02-19,27.763296127319336
2016-02-22,27.82802963256836
2016-02-23,27.41086196899414
2016-02-24,27.569103240966797
2016-02-25,28.06538963317871
2016-02-26,28.914100646972656
2016-02-29,28.56167221069336
2016-03-01,29.18022918701172
2016-03-02,29.568634033203125
2016-03-03,29.87792205810547
2016-03-04,30.12965965270996
2016-03-07,30.532432556152344
2016-03-08,29.87792205810547
2016-03-09,29.511089324951172
2016-03-10,29.403200149536133
2016-03-11,30.266313552856445
2016-03-14,30.021766662597656
2016-03-15,29.604591369628906
2016-03-16,29.734067916870117
2016-03-17,30.64032745361328
2016-03-18,31.136606216430664
2016-03-21,30.618745803833008
2016-03-22,30.438932418823242
2016-03-23,29.719676971435547
2016-03-24,29.734067916870117
2016-03-28,29.676528930664062
2016-03-29,30.266313552856445
2016-03-30,30.489282608032227
2016-03-31,30.237537384033203
2016-04-01,30.36700439453125
2016-04-04,30.27350616455078
2016-04-05,29.381616592407227
2016-04-06,29.604591369628906
2016-04-07,28.809354782104492
2016-04-08,29.257583618164062
2016-04-11,29.68412208557129
2016-04-12,30.132333755493164
2016-04-13,31.310739517211914
2016-04-14,31.30352020263672
2016-04-15,31.086641311645508
2016-04-18,31.151695251464844
2016-04-19,31.332433700561523
2016-04-20,31.383041381835938
2016-04-21,30.963727951049805
2016-04-22,31.29628562927246
2016-04-25,30.746854782104492
2016-04-26,31.050474166870117
2016-04-27,31.108320236206055
2016-04-28,30.970956802368164
2016-04-29,30.927583694458008
2016-05-02,31.101099014282227
2016-05-03,30.472124099731445
2016-05-04,30.132333755493164
2016-05-05,30.023906707763672
2016-05-06,30.35646629333496
2016-05-09,30.291397094726562
2016-05-10,30.609485626220703
2016-05-11,30.23356056213379
2016-05-12,30.3203067779541
2016-05-13,29.850393295288086
2016-05-16,30.240785598754883
2016-05-17,29.79979133605957
2016-05-18,31.41196060180664
2016-05-19,31.245681762695312
2016-05-20,31.56377601623535
2016-05-23,31.469785690307617
2016-05-24,32.344547271728516
2016-05-25,32.39516067504883
2016-05-26,32.07707214355469
2016-05-27,32.35178756713867
2016-05-31,32.16382598876953
2016-06-01,32.25056457519531
2016-06-02,32.36623764038086
2016-06-03,31.69391632080078
2016-06-06,32.18550491333008
2016-06-07,32.18550491333008
2016-06-08,32.25779342651367
2016-06-09,31.701126098632812
2016-06-10,31.064939498901367
2016-06-13,30.82636260986328
2016-06-14,30.226320266723633
2016-06-15,30.132333755493164
2016-06-16,29.821468353271484
2016-06-17,29.590131759643555
2016-06-20,30.13957405090332
2016-06-21,30.146799087524414
2016-06-22,30.009445190429688
2016-06-23,31.195064544677734
2016-06-24,29.250349044799805
2016-06-27,28.216535568237305
2016-06-28,29.474468231201172
2016-06-29,30.154033660888672
2016-06-30,30.75408172607422
2016-07-01,30.031139373779297
2016-07-05,29.098541259765625
2016-07-06,29.264814376831055
2016-07-07,29.795305252075195
2016-07-08,30.863590240478516
2016-07-11,31.256011962890625
2016-07-12,31.655704498291016
2016-07-13,31.72110939025879
2016-07-14,32.06266403198242
2016-07-15,31.924589157104492
2016-07-18,31.64842987060547
2016-07-19,31.757444381713867
2016-07-20,31.53942108154297
2016-07-21,30.994384765625
2016-07-22,31.430419921875
2016-07-25,31.32868003845215
2016-07-26,31.401344299316406
2016-07-27,31.256011962890625
2016-07-28,30.710968017578125
2016-07-29,30.333084106445312
2016-08-01,30.195018768310547
2016-08-02,29.82437515258789
2016-08-03,30.09326171875
2016-08-04,30.100526809692383
2016-08-05,31.292362213134766
2016-08-08,31.037992477416992
2016-08-09,31.306882858276367
2016-08-10,31.154277801513672
2016-08-11,31.147001266479492
2016-08-12,30.885387420654297
2016-08-15,31.037992477416992
2016-08-16,30.841772079467773
2016-08-17,30.819978713989258
2016-08-18,31.12520408630371
2016-08-19,31.081584930419922
2016-08-22,31.241485595703125
2016-08-23,31.205137252807617
2016-08-24,31.21240997314453
2016-08-25,31.45221710205078
2016-08-26,31.677509307861328
2016-08-29,31.939119338989258
2016-08-30,32.24433517456055
2016-08-31,32.17893600463867
2016-09-01,31.822851181030273
2016-09-02,32.07719802856445
2016-09-06,31.437681198120117
2016-09-07,31.917327880859375
2016-09-08,32.04085159301758
2016-09-09,31.5248966217041
2016-09-12,32.215267181396484
2016-09-13,31.72838020324707
2016-09-14,31.154277801513672
2016-09-15,31.604835510253906
2016-09-16,31.626636505126953
2016-09-19,31.84464454650879
2016-09-20,31.859180450439453
2016-09-21,32.01905822753906
2016-09-22,32.17167663574219
2016-09-23,32.00452423095703
2016-09-26,31.386821746826172
2016-09-27,31.379552841186523
2016-09-28,31.982717514038086
2016-09-29,31.619365692138672
2016-09-30,31.786516189575195
2016-10-03,31.64842987060547
2016-10-04,31.866453170776367
2016-10-05,32.575077056884766
2016-10-06,32.516632080078125
2016-10-07,32.560482025146484
2016-10-10,32.71388244628906
2016-10-11,32.3851432800293
2016-10-12,32.50933837890625
2016-10-13,31.829914093017578
2016-10-14,32.08561325073242
2016-10-17,32.29016876220703
2016-10-18,32.59699630737305
2016-10-19,33.042625427246094
2016-10-20,32.84538269042969
2016-10-21,32.65544128417969
2016-10-24,32.80885314941406
2016-10-25,32.88920974731445
2016-10-26,32.88920974731445
2016-10-27,32.70657730102539
2016-10-28,32.67005920410156
2016-10-31,32.97688293457031
2016-11-01,32.92573547363281
2016-11-02,32.43626403808594
2016-11-03,32.84538269042969
2016-11-04,32.26824951171875
2016-11-07,32.947654724121094
2016-11-08,32.60429382324219
2016-11-09,33.6270637512207
2016-11-10,34.51103210449219
2016-11-11,35.17583465576172
2016-11-14,35.416908264160156
2016-11-15,35.68720626831055
2016-11-16,35.62876510620117
2016-11-17,35.89907455444336
2016-11-18,36.14014434814453
2016-11-21,36.32278060913086
2016-11-22,37.32362747192383
2016-11-23,37.98112487792969
2016-11-25,38.141845703125
2016-11-28,38.003047943115234
2016-11-29,37.820396423339844
2016-11-30,38.083404541015625
2016-12-01,38.704368591308594
2016-12-02,38.39753341674805
2016-12-05,38.653228759765625
2016-12-06,38.7701301574707
2016-12-07,38.792030334472656
2016-12-08,39.06963348388672
2016-12-09,39.471435546875
2016-12-12,38.40484619140625
2016-12-13,38.59477996826172
2016-12-14,38.521732330322266
2016-12-15,39.1353874206543
2016-12-16,39.259586334228516
2016-12-19,39.595638275146484
2016-12-20,40.808349609375
2016-12-21,40.55263900756836
2016-12-22,40.771812438964844
2016-12-23,40.77911376953125
2016-12-27,41.10055160522461
2016-12-28,40.96175765991211
2016-12-29,40.87409210205078
2016-12-30,40.771812438964844
2017-01-03,41.122474670410156
2017-01-04,42.1890754699707
2017-01-05,41.08885955810547
2017-01-06,41.59496307373047
2017-01-09,41.0008544921875
2017-01-10,41.9323616027832
2017-01-11,42.21107864379883
2017-01-12,41.484947204589844
2017-01-13,42.16707229614258
2017-01-17,41.103538513183594
2017-01-18,41.46294021606445
2017-01-19,41.242889404296875
2017-01-20,41.66831970214844
2017-01-23,41.389591217041016
2017-01-24,42.12306213378906
2017-01-25,42.54847717285156
2017-01-26,42.29908752441406
2017-01-27,42.1157341003418
2017-01-30,41.21355438232422
2017-01-31,41.16221618652344
2017-02-01,40.81748580932617
2017-02-02,40.28937911987305
2017-02-03,41.80767822265625
2017-02-06,41.47026824951172
2017-02-07,41.272239685058594
2017-02-08,40.927513122558594
2017-02-09,41.44093704223633
2017-02-10,41.44825744628906
2017-02-13,42.03504943847656
2017-02-14,42.56313705444336
2017-02-15,42.695159912109375
2017-02-16,42.93721389770508
2017-02-17,42.82719421386719
2017-02-21,43.33328628540039
2017-02-22,43.413963317871094
2017-02-23,43.52398681640625
2017-02-24,43.08390808105469
2017-02-27,43.38462829589844
2017-02-28,42.629146575927734
2017-03-01,44.580169677734375
2017-03-02,43.245269775390625
2017-03-03,43.5826530456543
2017-03-06,43.560665130615234
2017-03-07,42.91521072387695
2017-03-08,42.96656036376953
2017-03-09,42.93721389770508
2017-03-10,42.33576202392578
2017-03-13,42.56313705444336
2017-03-14,42.56313705444336
2017-03-15,42.13038635253906
2017-03-16,42.68783187866211
2017-03-17,42.7978515625
2017-03-20,42.39444351196289
2017-03-21,40.18671417236328
2017-03-22,39.52658462524414
2017-03-23,39.95933532714844
2017-03-24,39.79796600341797
2017-03-27,39.37256622314453
2017-03-28,40.06935501098633
2017-03-29,40.04000473022461
2017-03-30,41.125545501708984
2017-03-31,40.81015396118164
2017-04-03,40.208709716796875
2017-04-04,40.18671417236328
2017-04-05,39.72462463378906
2017-04-06,40.174110412597656
2017-04-07,40.0267448425293
2017-04-10,39.717254638671875
2017-04-11,40.20359420776367
2017-04-12,39.40776443481445
2017-04-13,38.69300079345703
2017-04-17,39.4814453125
2017-04-18,39.4814453125
2017-04-19,39.842525482177734
2017-04-20,40.56464385986328
2017-04-21,40.409908294677734
2017-04-24,41.59627151489258
2017-04-25,41.809967041015625
2017-04-26,42.45840072631836
2017-04-27,41.73628234863281
2017-04-28,40.67518615722656
2017-05-01,41.03624725341797
2017-05-02,40.910980224609375
2017-05-03,41.29414367675781
2017-05-04,41.721534729003906
2017-05-05,41.56679153442383
2017-05-08,41.964698791503906
2017-05-09,41.2794075012207
2017-05-10,41.3383674621582
2017-05-11,41.10257339477539
2017-05-12,40.80781555175781
2017-05-15,40.89624786376953
2017-05-16,41.0583610534668
2017-05-17,39.378292083740234
2017-05-18,39.65829849243164
2017-05-19,39.171958923339844
2017-05-22,39.54777145385742
2017-05-23,40.070960998535156
2017-05-24,40.0267448425293
2017-05-25,40.225704193115234
2017-05-26,40.056209564208984
2017-05-30,39.540409088134766
2017-05-31,39.56251525878906
2017-06-01,39.82041931152344
2017-06-02,39.7614631652832
2017-06-05,39.61408615112305
2017-06-06,39.054073333740234
2017-06-07,39.12038040161133
2017-06-08,40.29201126098633
2017-06-09,41.655216217041016
2017-06-12,41.7878532409668
2017-06-13,41.69942855834961
2017-06-14,41.552059173583984
2017-06-15,42.28892517089844
2017-06-16,41.81732940673828
2017-06-19,41.618377685546875
2017-06-20,41.043617248535156
2017-06-21,40.21095657348633
2017-06-22,40.14463424682617
2017-06-23,39.4814453125
2017-06-26,39.74672317504883
2017-06-27,40.218318939208984
2017-06-28,40.99941635131836
2017-06-29,42.016273498535156
2017-06-30,41.64048767089844
2017-07-03,42.74579620361328
2017-07-05,42.362613677978516
2017-07-06,42.1968879699707
2017-07-07,42.90495300292969
2017-07-10,42.505733489990234
2017-07-11,42.40780258178711
2017-07-12,42.34000778198242
2017-07-13,42.39274215698242
2017-07-14,41.97845458984375
2017-07-17,42.1968879699707
2017-07-18,42.16677474975586
2017-07-19,42.16677474975586
2017-07-20,42.36262130737305
2017-07-21,42.12157440185547
2017-07-24,42.279762268066406
2017-07-25,43.34184646606445
2017-07-26,43.15352249145508
2017-07-27,43.92936706542969
2017-07-28,43.59793472290039
2017-07-31,43.515079498291016
2017-08-01,44.11015319824219
2017-08-02,43.40962600708008
2017-08-03,42.97274398803711
2017-08-04,43.20624923706055
2017-08-07,42.92001724243164
2017-08-08,42.980281829833984
2017-08-09,42.18937683105469
2017-08-10,41.36833572387695
2017-08-11,41.044429779052734
2017-08-14,42.39274215698242
2017-08-15,42.13664245605469
2017-08-16,42.07638168334961
2017-08-17,40.9691047668457
2017-08-18,41.24026870727539
2017-08-21,41.338199615478516
2017-08-22,41.564170837402344
2017-08-23,41.880531311035156
2017-08-24,41.90314483642578
2017-08-25,42.385215759277344
2017-08-28,41.94832229614258
2017-08-29,41.518978118896484
2017-08-30,41.722354888916016
2017-08-31,41.518978118896484
2017-09-01,41.857948303222656
2017-09-05,41.021827697753906
2017-09-06,41.44365692138672
2017-09-07,40.17066955566406
2017-09-08,40.77326583862305
2017-09-11,41.323123931884766
2017-09-12,42.385215759277344
2017-09-13,42.73924255371094
2017-09-14,42.61872100830078
2017-09-15,43.017948150634766
2017-09-18,42.94260787963867
2017-09-19,43.289100646972656
2017-09-20,43.869110107421875
2017-09-21,43.97456741333008
2017-09-22,44.14781188964844
2017-09-25,44.208072662353516
2017-09-26,44.765472412109375
2017-09-27,45.52625274658203
2017-09-28,45.511192321777344
2017-09-29,46.15897750854492
2017-10-02,46.46780776977539
2017-10-03,46.41508865356445
2017-10-04,46.14391326904297
2017-10-05,46.43767166137695
2017-10-06,46.778018951416016
2017-10-09,46.45280838012695
2017-10-10,46.80827713012695
2017-10-11,46.61919403076172
2017-10-12,46.30910110473633
2017-10-13,46.19565200805664
2017-10-16,46.36960983276367
2017-10-17,45.946075439453125
2017-10-18,46.35448455810547
2017-10-19,46.293975830078125
2017-10-20,46.997344970703125
2017-10-23,46.49818420410156
2017-10-24,47.05029296875
2017-10-25,46.92927932739258
2017-10-26,43.94941329956055
2017-10-27,43.77545166015625
2017-10-30,42.807376861572266
2017-10-31,43.3519172668457
2017-11-01,43.11745834350586
2017-11-02,43.495628356933594
2017-11-03,43.55612564086914
2017-11-06,43.26873016357422
2017-11-07,42.17206954956055
2017-11-08,41.86954116821289
2017-11-09,41.219112396240234
2017-11-10,41.309879302978516
2017-11-13,41.90735626220703
2017-11-14,41.84685516357422
2017-11-15,41.84685516357422
2017-11-16,41.77122116088867
2017-11-17,42.761993408203125
2017-11-20,42.7998161315918
2017-11-21,43.109893798828125
2017-11-22,42.988887786865234
2017-11-24,42.58803939819336
2017-11-27,42.82249450683594
2017-11-28,43.70737838745117
2017-11-29,44.44101333618164
2017-11-30,43.55612564086914
2017-12-01,43.472930908203125
2017-12-04,44.320003509521484
2017-12-05,43.28384780883789
2017-12-06,42.951072692871094
2017-12-07,43.0040283203125
2017-12-08,42.807376861572266
2017-12-11,42.56535720825195
2017-12-12,42.70148849487305
2017-12-13,41.99055480957031
2017-12-14,40.96195602416992
2017-12-15,42.58803939819336
2017-12-18,43.306541442871094
2017-12-19,43.3519172668457
2017-12-20,42.814937591552734
2017-12-21,43.14772415161133
2017-12-22,42.70148849487305
2017-12-26,42.39139175415039
2017-12-27,42.14181900024414
2017-12-28,42.37626647949219
2017-12-29,41.68803024291992
2018-01-02,41.72583770751953
2018-01-03,41.5821418762207
2018-01-04,42.05106735229492
2018-01-05,42.4443473815918
2018-01-08,42.51271438598633
2018-01-09,42.79380416870117
2018-01-10,42.87736892700195
2018-01-11,43.81180191040039
2018-01-12,44.3891716003418
2018-01-16,43.84978485107422
2018-01-17,44.0928840637207
2018-01-18,43.43194580078125
2018-01-19,43.37877655029297
2018-01-22,43.348384857177734
2018-01-23,43.6066780090332
2018-01-24,43.2192268371582
2018-01-25,42.140464782714844
2018-01-26,41.60108184814453
2018-01-29,41.40354919433594
2018-01-30,41.433937072753906
2018-01-31,41.282005310058594
2018-02-01,41.90495681762695
2018-02-02,42.026512145996094
2018-02-05,40.64385986328125
2018-02-06,40.28679275512695
2018-02-07,40.46153259277344
2018-02-08,39.77780532836914
2018-02-09,40.415950775146484
2018-02-12,40.302001953125
2018-02-13,40.29439163208008
2018-02-14,41.12247085571289
2018-02-15,41.09967803955078
2018-02-16,41.304805755615234
2018-02-20,40.90215301513672
2018-02-21,41.78340530395508
2018-02-22,42.06449508666992
2018-02-23,42.353187561035156
2018-02-26,42.86977005004883
2018-02-27,42.47471618652344
2018-02-28,41.99612808227539
2018-03-01,41.93534469604492
2018-03-02,42.64187240600586
2018-03-05,42.92295455932617
2018-03-06,43.12806701660156
2018-03-07,43.720638275146484
2018-03-08,43.22682571411133
2018-03-09,43.81180191040039
2018-03-12,43.895362854003906
2018-03-13,44.1308708190918
2018-03-14,44.001708984375
2018-03-15,44.27521896362305
2018-03-16,44.100486755371094
2018-03-19,43.940940856933594
2018-03-20,43.75861740112305
2018-03-21,44.00932693481445
2018-03-22,42.77861022949219
2018-03-23,41.16045379638672
2018-03-26,42.429134368896484
2018-03-27,41.75300216674805
2018-03-28,42.239227294921875
2018-03-29,42.15565872192383
2018-04-02,41.47952651977539
2018-04-03,41.78340530395508
2018-04-04,42.51271438598633
2018-04-05,42.953338623046875
2018-04-06,41.71503829956055
2018-04-09,41.478023529052734
2018-04-10,42.33433151245117
2018-04-11,42.37256622314453
2018-04-12,42.86189270019531
2018-04-13,42.30375289916992
2018-04-16,42.777793884277344
2018-04-17,42.46430587768555
2018-04-18,42.31138610839844
2018-04-19,42.79307174682617
2018-04-20,42.800724029541016
2018-04-23,42.670738220214844
2018-04-24,44.42926025390625
2018-04-25,44.68156433105469
2018-04-26,44.65863037109375
2018-04-27,44.398681640625
2018-04-30,43.886409759521484
2018-05-01,44.45984649658203
2018-05-02,44.44456481933594
2018-05-03,43.93992233276367
2018-05-04,44.66627502441406
2018-05-07,45.05621337890625
2018-05-08,44.9415283203125
2018-05-09,45.03327560424805
2018-05-10,44.888004302978516
2018-05-11,44.8803596496582
2018-05-14,44.383384704589844
2018-05-15,44.826847076416016
2018-05-16,44.903289794921875
2018-05-17,45.16324996948242
2018-05-18,44.42926025390625
2018-05-21,45.193843841552734
2018-05-22,45.6755256652832
2018-05-23,45.68315505981445
2018-05-24,45.72903823852539
2018-05-25,45.943119049072266
2018-05-29,45.277931213378906
2018-05-30,45.904884338378906
2018-05-31,45.83608627319336
2018-06-01,46.157188415527344
2018-06-04,46.5930061340332
2018-06-05,46.485958099365234
2018-06-06,47.059383392333984
2018-06-07,47.68634033203125
2018-06-08,47.38051223754883
2018-06-11,46.837650299072266
2018-06-12,46.333038330078125
2018-06-13,45.859012603759766
2018-06-14,46.00428009033203
2018-06-15,46.073089599609375
2018-06-18,46.42478561401367
2018-06-19,47.4034423828125
2018-06-20,47.5716552734375
2018-06-21,47.76279067993164
2018-06-22,47.4646110534668
2018-06-25,47.16643524169922
2018-06-26,47.05174255371094
2018-06-27,46.172481536865234
2018-06-28,46.49359893798828
2018-06-29,45.97370147705078
2018-07-02,46.65415573120117
2018-07-03,46.63887405395508
2018-07-05,47.174068450927734
2018-07-06,47.55636215209961
2018-07-09,48.005958557128906
2018-07-10,47.424583435058594
2018-07-11,47.409080505371094
2018-07-12,47.17653274536133
2018-07-13,46.781192779541016
2018-07-16,47.34706497192383
2018-07-17,47.39356994628906
2018-07-18,47.804405212402344
2018-07-19,47.97495651245117
2018-07-20,48.09123229980469
2018-07-23,48.44780349731445
2018-07-24,48.07571792602539
2018-07-25,47.75014877319336
2018-07-26,49.16094207763672
2018-07-27,48.726863861083984
2018-07-30,48.70360565185547
2018-07-31,48.8121223449707
2018-08-01,49.78108596801758
2018-08-02,50.17641830444336
2018-08-03,49.4942741394043
2018-08-06,49.936119079589844
2018-08-07,50.40896224975586
2018-08-08,50.40896224975586
2018-08-09,50.40896224975586
2018-08-10,50.42447280883789
2018-08-13,50.091148376464844
2018-08-14,51.26940155029297
2018-08-15,50.78104019165039
2018-08-16,51.060096740722656
2018-08-17,51.26164627075195
2018-08-20,51.1918830871582
2018-08-21,51.87403106689453
2018-08-22,51.57170867919922
2018-08-23,51.16863250732422
2018-08-24,50.711280822753906
2018-08-27,50.36246871948242
2018-08-28,50.03689956665039
2018-08-29,50.06789016723633
2018-08-30,49.68806457519531
2018-08-31,49.86635208129883
2018-09-04,50.35470199584961
2018-09-05,50.43222427368164
2018-09-06,50.85856628417969
2018-09-07,51.18413543701172
2018-09-10,51.02135467529297
2018-09-11,51.3159065246582
2018-09-12,50.486488342285156
2018-09-13,50.091148376464844
2018-09-14,49.943878173828125
2018-09-17,49.72682189941406
2018-09-18,49.33148956298828
2018-09-19,49.788841247558594
2018-09-20,50.85856628417969
2018-09-21,50.49424362182617
2018-09-24,49.69581604003906
2018-09-25,49.60280227661133
2018-09-26,48.80437469482422
2018-09-27,48.33928680419922
2018-09-28,48.19199752807617
2018-10-01,47.33156204223633
2018-10-02,47.27730178833008
2018-10-03,48.18424606323242
2018-10-04,48.44780349731445
2018-10-05,47.967201232910156
2018-10-08,48.005958557128906
2018-10-09,48.09175491333008
2018-10-10,47.28059387207031
2018-10-11,45.993682861328125
2018-10-12,44.925148010253906
2018-10-15,45.06553649902344
2018-10-16,45.08894348144531
2018-10-17,45.3463249206543
2018-10-18,44.44158172607422
2018-10-19,43.80202102661133
2018-10-22,42.780296325683594
2018-10-23,42.57749938964844
2018-10-24,40.66661071777344
2018-10-25,45.268333435058594
2018-10-26,44.94074630737305
2018-10-29,45.45551300048828
2018-10-30,45.81428527832031
2018-10-31,45.09674072265625
2018-11-01,46.0950813293457
2018-11-02,46.1652717590332
2018-11-05,46.69563674926758
2018-11-06,47.1168098449707
2018-11-07,47.83436584472656
2018-11-08,48.10735321044922
2018-11-09,48.185333251953125
2018-11-12,46.77363586425781
2018-11-13,47.24940872192383
2018-11-14,46.11067199707031
2018-11-15,47.35859680175781
2018-11-16,47.30399703979492
2018-11-19,46.92182540893555
2018-11-20,45.95467758178711
2018-11-21,45.85329055786133
2018-11-23,45.93128967285156
2018-11-26,46.477256774902344
2018-11-27,46.0950813293457
2018-11-28,46.42266082763672
2018-11-29,46.20426559448242
2018-11-30,46.797035217285156
2018-12-03,46.71124267578125
2018-12-04,44.0984001159668
2018-12-06,44.6131591796875
2018-12-07,45.40092468261719
2018-12-10,45.315128326416016
2018-12-11,44.8315544128418
2018-12-12,45.315128326416016
2018-12-13,44.35578536987305
2018-12-14,43.43544387817383
2018-12-17,42.93627166748047
2018-12-18,42.351314544677734
2018-12-19,40.682212829589844
2018-12-20,41.14238357543945
2018-12-21,40.82261276245117
2018-12-24,40.25324249267578
2018-12-26,41.96133804321289
2018-12-27,41.384178161621094
2018-12-28,41.83654022216797
2018-12-31,41.71175765991211
2019-01-02,42.21091842651367
2019-01-03,41.70396041870117
2019-01-04,42.694496154785156
2019-01-07,42.10173797607422
2019-01-08,41.66971969604492
2019-01-09,41.08846664428711
2019-01-10,41.53618240356445
2019-01-11,41.90536880493164
2019-01-14,42.05459976196289
2019-01-15,41.94462966918945
2019-01-16,42.95790100097656
2019-01-17,43.35850524902344
2019-01-18,44.21466827392578
2019-01-22,43.947601318359375
2019-01-23,44.54457473754883
2019-01-24,43.80622482299805
2019-01-25,42.43948745727539
2019-01-28,42.518043518066406
2019-01-29,42.96575164794922
2019-01-30,43.028594970703125
2019-01-31,42.84007263183594
2019-02-01,43.40562438964844
2019-02-04,43.85334777832031
2019-02-05,44.0182991027832
2019-02-06,44.35606384277344
2019-02-07,45.24364471435547
2019-02-08,45.369319915771484
2019-02-11,45.919166564941406
2019-02-12,46.43757629394531
2019-02-13,46.64966583251953
2019-02-14,46.22551345825195
2019-02-15,47.77289581298828
2019-02-19,48.84115219116211
2019-02-20,49.71303176879883
2019-02-21,49.79944610595703
2019-02-22,49.96438217163086
2019-02-25,49.877986907958984
2019-02-26,49.09251022338867
2019-02-27,49.4381103515625
2019-02-28,48.801876068115234
2019-03-01,48.69191360473633
2019-03-04,47.98497009277344
2019-03-05,47.427284240722656
2019-03-06,45.99771499633789
2019-03-07,44.890193939208984
2019-03-08,45.06298828125
2019-03-11,45.56569290161133
2019-03-12,45.180816650390625
2019-03-13,45.290771484375
2019-03-14,45.17295837402344
2019-03-15,45.306488037109375
2019-03-18,45.77777862548828
2019-03-19,44.128265380859375
2019-03-20,42.4316291809082
2019-03-21,42.10173416137695
2019-03-22,40.82140350341797
2019-03-25,40.860679626464844
2019-03-26,41.818965911865234
2019-03-27,42.2038459777832
2019-03-28,42.86365509033203
2019-03-29,42.54945755004883
2019-04-01,43.641273498535156
2019-04-02,43.52344512939453
2019-04-03,43.1385612487793
2019-04-04,43.85334777832031
2019-04-05,44.41889572143555
2019-04-08,44.06285858154297
2019-04-09,43.27163314819336
2019-04-10,43.683067321777344
2019-04-11,43.722625732421875
2019-04-12,44.68791580200195
2019-04-15,43.51691436767578
2019-04-16,44.38724899291992
2019-04-17,43.95207977294922
2019-04-18,43.2320671081543
2019-04-22,42.83646774291992
2019-04-23,43.85713195800781
2019-04-24,43.83340072631836
2019-04-25,40.96919250488281
2019-04-26,41.64963150024414
2019-04-29,42.567447662353516
2019-04-30,41.95029830932617
2019-05-01,41.91865921020508
2019-05-02,42.54372024536133
2019-05-03,43.40614318847656
2019-05-06,43.619773864746094
2019-05-07,42.970977783203125
2019-05-08,42.7573356628418
2019-05-09,43.002620697021484
2019-05-10,42.796897888183594
2019-05-13,41.57051467895508
2019-05-14,42.55162811279297
2019-05-15,42.03733444213867
2019-05-16,42.717777252197266
2019-05-17,42.21139907836914
2019-05-20,42.559547424316406
2019-05-21,42.583274841308594
2019-05-22,42.084815979003906
2019-05-23,41.182823181152344
2019-05-24,41.95029830932617
2019-05-28,41.53887176513672
2019-05-29,42.076900482177734
2019-05-30,40.80303192138672
2019-05-31,39.92478942871094
2019-06-03,40.37578582763672
2019-06-04,41.61798095703125
2019-06-05,41.11952590942383
2019-06-06,40.99292755126953
2019-06-07,40.62897491455078
2019-06-10,40.985015869140625
2019-06-11,41.222373962402344
2019-06-12,41.23029327392578
2019-06-13,41.48347473144531
2019-06-14,41.30941390991211
2019-06-17,41.0878791809082
2019-06-18,41.728763580322266
2019-06-19,42.132286071777344
2019-06-20,42.72570037841797
2019-06-21,42.39337921142578
2019-06-24,41.45974349975586
2019-06-25,41.78415298461914
2019-06-26,41.38854217529297
2019-06-27,42.203487396240234
2019-06-28,42.84437561035156
2019-07-01,43.16876983642578
2019-07-02,42.591190338134766
2019-07-03,43.29536819458008
2019-07-05,43.73844528198242
2019-07-08,43.188438415527344
2019-07-09,43.22829818725586
2019-07-10,42.5666618347168
2019-07-11,43.22829818725586
2019-07-12,43.515254974365234
2019-07-15,42.51087951660156
2019-07-16,42.662330627441406
2019-07-17,42.52681350708008
2019-07-18,42.64638137817383
2019-07-19,43.084800720214844
2019-07-22,42.78189468383789
2019-07-23,43.19640350341797
2019-07-24,44.3123893737793
2019-07-25,46.05012130737305
2019-07-26,46.52043533325195
2019-07-29,46.35302734375
2019-07-30,47.11030197143555
2019-07-31,47.23784255981445
2019-08-01,45.59576416015625
2019-08-02,45.245025634765625
2019-08-05,43.57902526855469
2019-08-06,43.80222702026367
2019-08-07,43.02900314331055
2019-08-08,43.98556900024414
2019-08-09,43.563087463378906
2019-08-12,42.63045120239258
2019-08-13,43.57902526855469
2019-08-14,42.686248779296875
2019-08-15,42.614505767822266
2019-08-16,43.53120422363281
2019-08-19,44.129051208496094
2019-08-20,43.188438415527344
2019-08-21,43.90585708618164
2019-08-22,44.001502990722656
2019-08-23,42.24781799316406
2019-08-26,42.64638137817383
2019-08-27,41.211551666259766
2019-08-28,42.07245635986328
2019-08-29,42.82175827026367
2019-08-30,42.97320556640625
2019-09-03,42.104339599609375
2019-09-04,42.383331298828125
2019-09-05,43.16451644897461
2019-09-06,42.861610412597656
2019-09-09,44.846466064453125
2019-09-10,45.16531753540039
2019-09-11,45.555908203125
2019-09-12,45.914615631103516
2019-09-13,46.36898422241211
2019-09-16,45.72330093383789
2019-09-17,45.50807571411133
2019-09-18,45.50807571411133
2019-09-19,45.36459732055664
2019-09-20,44.774723052978516
2019-09-23,45.292850494384766
2019-09-24,44.774723052978516
2019-09-25,45.603736877441406
2019-09-26,44.9979133605957
2019-09-27,45.013858795166016
2019-09-30,44.774723052978516
2019-10-01,43.68265914916992
2019-10-02,42.742042541503906
2019-10-03,42.34347152709961
2019-10-04,42.805816650390625
2019-10-07,42.925376892089844
2019-10-08,41.79280090332031
2019-10-09,41.97755432128906
2019-10-10,42.234588623046875
2019-10-11,42.949485778808594
2019-10-14,42.90128707885742
2019-10-15,43.857139587402344
2019-10-16,43.59208297729492
2019-10-17,44.06598663330078
2019-10-18,44.250732421875
2019-10-21,44.6603889465332
2019-10-22,44.66842269897461
2019-10-23,45.08611297607422
2019-10-24,44.23466491699219
2019-10-25,44.93348693847656
2019-10-28,45.31904220581055
2019-10-29,45.495758056640625
2019-10-30,45.08611297607422
2019-10-31,43.359127044677734
2019-11-01,44.37123107910156
2019-11-04,45.16643142700195
2019-11-05,45.11020278930664
2019-11-06,45.142333984375
2019-11-07,45.72871017456055
2019-11-08,45.841163635253906
2019-11-11,45.5037956237793
2019-11-12,45.375267028808594
2019-11-13,44.93348693847656
2019-11-14,44.740718841552734
2019-11-15,44.66842269897461
2019-11-18,44.2908935546875
2019-11-19,44.02582931518555
2019-11-20,43.2788200378418
2019-11-21,43.053897857666016
2019-11-22,43.03783416748047
2019-11-25,44.314998626708984
2019-11-26,44.11417770385742
2019-11-27,44.170406341552734
2019-11-29,43.88124084472656
2019-12-02,43.6483039855957
2019-12-03,43.118160247802734
2019-12-04,43.44749069213867
2019-12-05,43.48765182495117
2019-12-06,43.88927459716797
2019-12-09,43.78484344482422
2019-12-10,43.94550323486328
2019-12-11,44.138282775878906
2019-12-12,45.238731384277344
2019-12-13,44.7326774597168
2019-12-16,46.299007415771484
2019-12-17,47.2468376159668
2019-12-18,47.25486373901367
2019-12-19,47.3351936340332
2019-12-20,46.42752456665039
2019-12-23,45.825096130371094
2019-12-24,45.76083755493164
2019-12-26,45.65641403198242
2019-12-27,45.254791259765625
2019-12-30,45.56805419921875
2019-12-31,45.45560073852539
2020-01-02,45.58412170410156
2020-01-03,45.616249084472656
2020-01-06,45.254791259765625
2020-01-07,44.90939712524414
2020-01-08,44.81875228881836
2020-01-09,45.1566047668457
2020-01-10,44.744590759277344
2020-01-13,44.85171127319336
2020-01-14,44.87642288208008
2020-01-15,44.76107406616211
2020-01-16,45.271968841552734
2020-01-17,45.21428298950195
2020-01-21,44.505619049072266
2020-01-22,44.349056243896484
2020-01-23,44.65394592285156
2020-01-24,43.56622314453125
2020-01-27,42.60212326049805
2020-01-28,42.882293701171875
2020-01-29,42.68452835083008
2020-01-30,42.84108352661133
2020-01-31,42.478515625
2020-02-03,43.384944915771484
2020-02-04,44.019439697265625
2020-02-05,45.30492401123047
2020-02-06,45.63453674316406
2020-02-07,44.975318908691406
2020-02-10,44.546817779541016
2020-02-11,44.71162414550781
2020-02-12,45.03300094604492
2020-02-13,45.2554817199707
2020-02-14,44.81875228881836
2020-02-18,43.879364013671875
2020-02-19,43.71455001831055
2020-02-20,44.23369598388672
2020-02-21,43.722801208496094
2020-02-24,42.75044250488281
2020-02-25,41.67097473144531
2020-02-26,41.028236389160156
2020-02-27,39.544986724853516
2020-02-28,37.60852813720703
2020-03-02,39.13298034667969
2020-03-03,38.160621643066406
2020-03-04,38.76215744018555
2020-03-05,36.8421745300293
2020-03-06,36.23240280151367
2020-03-09,30.966882705688477
2020-03-10,31.996910095214844
2020-03-11,29.491872787475586
2020-03-12,26.871475219726562
2020-03-13,29.417713165283203
2020-03-16,25.824960708618164
2020-03-17,30.530147552490234
2020-03-18,27.769657135009766
2020-03-19,27.94270896911621
2020-03-20,24.92677116394043
2020-03-23,22.57830238342285
2020-03-24,25.86616325378418
2020-03-25,25.79199981689453
2020-03-26,28.13222885131836
2020-03-27,27.365886688232422
2020-03-30,27.34940528869629
2020-03-31,27.225807189941406
2020-04-01,25.965049743652344
2020-04-02,25.86616325378418
2020-04-03,23.583614349365234
2020-04-06,27.7861385345459
2020-04-07,27.027048110961914
2020-04-08,27.802827835083008
2020-04-09,30.805831909179688
2020-04-13,28.33669090270996
2020-04-14,28.353374481201172
2020-04-15,26.501523971557617
2020-04-16,25.800823211669922
2020-04-17,27.78614044189453
2020-04-20,27.54423713684082
2020-04-21,27.06875991821289
2020-04-22,26.36805534362793
2020-04-23,27.16051483154297
2020-04-24,27.644332885742188
2020-04-27,29.721406936645508
2020-04-28,30.830852508544922
2020-04-29,34.04240036010742
2020-04-30,32.057071685791016
2020-05-01,30.997684478759766
2020-05-04,30.071758270263672
2020-05-05,29.16252326965332
2020-05-06,27.96965789794922
2020-05-07,28.186542510986328
2020-05-08,30.105125427246094
2020-05-11,29.0040340423584
2020-05-12,26.74342918395996
2020-05-13,24.808164596557617
2020-05-14,25.050071716308594
2020-05-15,25.22524642944336
2020-05-18,28.111461639404297
2020-05-19,26.509862899780273
2020-05-20,28.795488357543945
2020-05-21,28.528549194335938
2020-05-22,27.96965789794922
2020-05-26,30.238595962524414
2020-05-27,33.13315963745117
2020-05-28,31.898588180541992
2020-05-29,31.331356048583984
2020-06-01,31.206222534179688
2020-06-02,30.880903244018555
2020-06-03,32.58260726928711
2020-06-04,33.099796295166016
2020-06-05,36.1027946472168
2020-06-08,36.670040130615234
2020-06-09,36.12782287597656
2020-06-10,34.04240036010742
2020-06-11,30.347036361694336
2020-06-12,31.464828491210938
2020-06-15,31.90694236755371
2020-06-16,33.32501220703125
2020-06-17,31.8902587890625
2020-06-18,32.18221664428711
2020-06-19,31.75677490234375
2020-06-22,31.623306274414062
2020-06-23,30.380407333374023
2020-06-24,28.59528350830078
2020-06-25,30.021705627441406
2020-06-26,29.03739356994629
2020-06-29,31.139493942260742
2020-06-30,31.698389053344727
2020-07-01,30.4971866607666
2020-07-02,30.021705627441406
2020-07-06,29.904924392700195
2020-07-07,29.204227447509766
2020-07-08,28.87889862060547
2020-07-09,27.427452087402344
2020-07-10,28.853878021240234
2020-07-13,29.337688446044922
2020-07-14,28.745433807373047
2020-07-15,30.66402244567871
2020-07-16,30.680709838867188
2020-07-17,29.53789520263672
2020-07-20,28.762121200561523
2020-07-21,30.66402244567871
2020-07-22,30.01337242126465
2020-07-23,31.31467056274414
2020-07-24,30.67235565185547
2020-07-27,29.81317138671875
2020-07-28,29.763118743896484
2020-07-29,30.447139739990234
2020-07-30,29.79648780822754
2020-07-31,29.55457878112793
2020-08-03,29.84151840209961
2020-08-04,29.63897132873535
2020-08-05,30.592613220214844
2020-08-06,30.195968627929688
2020-08-07,31.461872100830078
2020-08-10,31.883834838867188
2020-08-11,32.4155158996582
2020-08-12,32.263607025146484
2020-08-13,31.32683753967285
2020-08-14,31.765687942504883
2020-08-17,31.21712875366211
2020-08-18,30.120014190673828
2020-08-19,30.34787368774414
2020-08-20,29.596773147583008
2020-08-21,29.259199142456055
2020-08-24,30.43226432800293
2020-08-25,30.85423469543457
2020-08-26,30.18752670288086
2020-08-27,31.158048629760742
2020-08-28,31.006145477294922
2020-08-31,30.48290252685547
2020-09-01,30.626379013061523
2020-09-02,30.75296401977539
2020-09-03,30.406949996948242
2020-09-04,30.69388771057129
2020-09-08,29.25075912475586
2020-09-09,28.63468360900879
2020-09-10,28.28023338317871
2020-09-11,28.322437286376953
2020-09-14,28.71063995361328
2020-09-15,28.229604721069336
2020-09-16,28.465900421142578
2020-09-17,27.976421356201172
2020-09-18,28.49966049194336
2020-09-21,26.71051597595215
2020-09-22,26.62611961364746
2020-09-23,25.807510375976562
2020-09-24,26.305429458618164
2020-09-25,26.48265838623047
2020-09-28,27.529132843017578
2020-09-29,27.284395217895508
2020-09-30,27.225317001342773
2020-10-01,27.36879539489746
2020-10-02,28.153648376464844
2020-10-05,29.42799186706543
2020-10-06,29.790876388549805
2020-10-07,30.48290252685547
2020-10-08,30.930185317993164
2020-10-09,30.238170623779297
2020-10-12,31.191804885864258
2020-10-13,29.9849853515625
2020-10-14,29.579898834228516
2020-10-15,30.204408645629883
2020-10-16,30.32255744934082
2020-10-19,30.491344451904297
2020-10-20,31.149612426757812
2020-10-21,31.765687942504883
2020-10-22,32.82060241699219
2020-10-23,32.9809455871582
2020-10-26,33.014713287353516
2020-10-27,31.71504783630371
2020-10-28,30.34787368774414
2020-10-29,30.871112823486328
2020-10-30,31.115863800048828
2020-11-02,32.199703216552734
2020-11-03,33.37742614746094
2020-11-04,30.706212997436523
2020-11-05,31.576705932617188
2020-11-06,30.85129737854004
2020-11-09,36.441226959228516
2020-11-10,39.25752639770508
2020-11-11,37.57627487182617
2020-11-12,36.51803207397461
2020-11-13,36.9703483581543
2020-11-16,39.32579803466797
2020-11-17,38.80521774291992
2020-11-18,37.55921173095703
2020-11-19,37.48240661621094
2020-11-20,36.83379364013672
2020-11-23,37.20930099487305
2020-11-24,39.01856231689453
2020-11-25,38.41263198852539
2020-11-27,37.44826126098633
2020-11-30,35.272029876708984
2020-12-01,36.52656555175781
2020-12-02,36.79111862182617
2020-12-03,38.04566192626953
2020-12-04,39.06123352050781
2020-12-07,38.97589874267578
2020-12-08,38.83934783935547
2020-12-09,38.702796936035156
2020-12-10,38.99296569824219
2020-12-11,38.165138244628906
2020-12-14,38.813743591308594
2020-12-15,39.38554000854492
2020-12-16,39.155120849609375
2020-12-17,38.80521774291992
2020-12-18,37.61895751953125
2020-12-21,38.1566047668457
2020-12-22,37.67869186401367
2020-12-23,38.7198600769043
2020-12-24,38.9417610168457
2020-12-28,39.479408264160156
2020-12-29,38.634521484375
2020-12-30,39.291664123535156
2020-12-31,39.76104736328125
2021-01-04,39.35993576049805
2021-01-05,39.684242248535156
2021-01-06,43.65266036987305
2021-01-07,44.164710998535156
2021-01-08,43.00406265258789
2021-01-11,43.63558578491211
2021-01-12,44.45487976074219
2021-01-13,43.34543228149414
2021-01-14,44.51461410522461
2021-01-15,43.7038688659668
2021-01-19,44.096439361572266
2021-01-20,44.0110969543457
2021-01-21,43.00406265258789
2021-01-22,44.23299789428711
2021-01-25,42.782161712646484
2021-01-26,41.80072784423828
2021-01-27,38.82228088378906
2021-01-28,39.55622863769531
2021-01-29,37.74696350097656
2021-02-01,39.3172607421875
2021-02-02,40.418182373046875
2021-02-03,40.08244323730469
2021-02-04,41.54592514038086
2021-02-05,41.761146545410156
2021-02-08,42.51872253417969
2021-02-09,42.7425537109375
2021-02-10,42.75115203857422
2021-02-11,42.871681213378906
2021-02-12,43.38821029663086
2021-02-16,43.921958923339844
2021-02-17,43.71535110473633
2021-02-18,43.56038284301758
2021-02-19,44.28351974487305
2021-02-22,45.49736022949219
2021-02-23,45.83309555053711
2021-02-24,46.76284408569336
2021-02-25,45.36822509765625
2021-02-26,44.57621765136719
2021-03-01,46.211883544921875
2021-03-02,45.49736022949219
2021-03-03,46.2635383605957
2021-03-04,46.0999755859375
2021-03-05,48.536258697509766
2021-03-08,50.01696014404297
2021-03-09,48.828948974609375
2021-03-10,49.76730728149414
2021-03-11,49.58652114868164
2021-03-12,50.80896759033203
2021-03-15,49.44878005981445
2021-03-16,48.77729797363281
2021-03-17,48.68260192871094
2021-03-18,49.31965637207031
2021-03-19,49.28521728515625
2021-03-22,47.348236083984375
2021-03-23,45.58344650268555
2021-03-24,45.46292495727539
2021-03-25,46.32379913330078
2021-03-26,48.1746826171875
2021-03-29,46.05692672729492
2021-03-30,47.0899772644043
2021-03-31,45.91058349609375
2021-04-01,46.4443244934082
2021-04-05,46.28076171875
2021-04-06,46.38406753540039
2021-04-07,46.53041076660156
2021-04-08,46.607887268066406
2021-04-09,47.07277297973633
2021-04-12,47.52042007446289
2021-04-13,46.77145767211914
2021-04-14,47.49458694458008
2021-04-15,47.27076721191406
2021-04-16,47.709815979003906
2021-04-19,47.529029846191406
2021-04-20,46.013885498046875
2021-04-21,47.339637756347656
2021-04-22,47.219112396240234
2021-04-23,49.22496032714844
2021-04-26,49.4573974609375
2021-04-27,49.42295837402344
2021-04-28,49.8706169128418
2021-04-29,49.8533935546875
2021-04-30,48.93226623535156
2021-05-03,49.4573974609375
2021-05-04,49.7435188293457
2021-05-05,49.38802719116211
2021-05-06,50.08167266845703
2021-05-07,50.15971755981445
2021-05-10,49.639469146728516
2021-05-11,49.00651550292969
2021-05-12,48.347557067871094
2021-05-13,50.66261291503906
2021-05-14,51.1655158996582
2021-05-17,51.14817428588867
2021-05-18,49.890926361083984
2021-05-19,50.08167266845703
2021-05-20,50.52388000488281
2021-05-21,51.60771560668945
2021-05-24,50.766666412353516
2021-05-25,48.57297897338867
2021-05-26,49.760860443115234
2021-05-27,50.67994689941406
2021-05-28,50.749324798583984
2021-06-01,51.286903381347656
2021-06-02,50.714637756347656
2021-06-03,51.06147003173828
2021-06-04,51.11348342895508
2021-06-07,51.54701614379883
2021-06-08,51.83314895629883
2021-06-09,50.80134201049805
2021-06-10,49.7868766784668
2021-06-11,49.64815139770508
2021-06-14,49.188602447509766
2021-06-15,49.561439514160156
2021-06-16,50.046993255615234
2021-06-17,48.16546630859375
2021-06-18,45.94578170776367
2021-06-21,47.96604537963867
2021-06-22,47.974708557128906
2021-06-23,47.523841857910156
2021-06-24,48.20881652832031
2021-06-25,49.28398513793945
2021-06-28,47.15966796875
2021-06-29,46.856197357177734
2021-06-30,47.00360870361328
2021-07-01,47.385101318359375
2021-07-02,46.656776428222656
2021-07-06,45.53825378417969
2021-07-07,45.330162048339844
2021-07-08,44.324363708496094
2021-07-09,45.92843246459961
2021-07-12,46.3099479675293
2021-07-13,44.96599578857422
2021-07-14,44.89663314819336
2021-07-15,45.67698287963867
2021-07-16,44.8012580871582
2021-07-19,43.05845260620117
2021-07-20,44.133609771728516
2021-07-21,45.1740837097168
2021-07-22,44.844608306884766
2021-07-23,45.39085388183594
2021-07-26,45.503570556640625
2021-07-27,45.31281661987305
2021-07-28,45.79838180541992
2021-07-29,46.197227478027344
2021-07-30,45.989131927490234
2021-08-02,45.44736862182617
2021-08-03,46.268760681152344
2021-08-04,45.88427734375
2021-08-05,46.880428314208984
2021-08-06,48.42708969116211
2021-08-09,47.90279006958008
2021-08-10,48.69797134399414
2021-08-11,49.606746673583984
2021-08-12,49.40576171875
2021-08-13,49.0911865234375
2021-08-16,49.030025482177734
2021-08-17,48.42708969116211
2021-08-18,47.94649124145508
2021-08-19,47.97270584106445
2021-08-20,48.58436965942383
2021-08-23,49.204795837402344
2021-08-24,49.46693420410156
2021-08-25,49.70286178588867
2021-08-26,48.986331939697266
2021-08-27,50.94368362426758
2021-08-30,49.589271545410156
2021-08-31,49.98249053955078
2021-09-01,49.71159744262695
2021-09-02,49.81645965576172
2021-09-03,49.38828659057617
2021-09-07,48.07755661010742
2021-09-08,46.52216720581055
2021-09-09,46.172637939453125
2021-09-10,45.281333923339844
2021-09-13,46.207584381103516
2021-09-14,45.06288528442383
2021-09-15,45.46483612060547
2021-09-16,44.88812255859375
2021-09-17,45.87553405761719
2021-09-20,44.66966247558594
2021-09-21,44.63471603393555
2021-09-22,44.91433334350586
2021-09-23,46.128936767578125
2021-09-24,47.116355895996094
2021-09-27,48.64553451538086
2021-09-28,48.0426139831543
2021-09-29,48.575645446777344
2021-09-30,48.24357986450195
2021-10-01,48.64553451538086
2021-10-04,49.248477935791016
2021-10-05,49.798988342285156
2021-10-06,49.868892669677734
2021-10-07,50.44561767578125
2021-10-08,50.7514533996582
2021-10-11,49.56305694580078
2021-10-12,49.91257858276367
2021-10-13,49.737815856933594
2021-10-14,50.454349517822266
2021-10-15,50.28832244873047
2021-10-18,49.92132568359375
2021-10-19,49.64170455932617
2021-10-20,50.48930358886719
2021-10-21,52.018489837646484
2021-10-22,53.049598693847656
2021-10-25,52.76996612548828
2021-10-26,52.3854866027832
2021-10-27,50.41938781738281
2021-10-28,50.58543014526367
2021-10-29,50.47182083129883
2021-11-01,52.187957763671875
2021-11-02,51.915138244628906
2021-11-03,53.79847717285156
2021-11-04,53.015220642089844
2021-11-05,54.16809844970703
2021-11-08,53.94809341430664
2021-11-09,54.07129669189453
2021-11-10,54.572940826416016
2021-11-11,54.88096618652344
2021-11-12,54.28252029418945
2021-11-15,54.66973876953125
2021-11-16,54.42332077026367
2021-11-17,54.26490783691406
2021-11-18,54.21210861206055
2021-11-19,53.82488250732422
2021-11-22,54.44972610473633
2021-11-23,55.29458999633789
2021-11-24,54.590538024902344
2021-11-26,51.42229080200195
2021-11-29,50.99105453491211
2021-11-30,50.410221099853516
2021-12-01,50.181400299072266
2021-12-02,51.8535270690918
2021-12-03,50.48062515258789
2021-12-06,51.809532165527344
2021-12-07,51.519100189208984
2021-12-08,51.51029586791992
2021-12-09,50.70064163208008
2021-12-10,51.14947509765625
2021-12-13,50.6302375793457
2021-12-14,51.35189437866211
2021-12-15,50.41901779174805
2021-12-16,51.2814826965332
2021-12-17,51.29908752441406
2021-12-20,49.23973083496094
2021-12-21,51.0174674987793
2021-12-22,51.598304748535156
2021-12-23,53.789676666259766
2021-12-27,54.28252029418945
2021-12-28,54.07129669189453
2021-12-29,54.37931823730469
2021-12-30,53.64886474609375
2021-12-31,53.393646240234375
2022-01-03,53.93928146362305
2022-01-04,54.88096618652344
2022-01-05,54.54652786254883
2022-01-06,56.34186935424805
2022-01-07,57.1163330078125
2022-01-10,56.62348937988281
2022-01-11,56.32426452636719
2022-01-12,56.729095458984375
2022-01-13,57.925987243652344
2022-01-14,58.37483215332031
2022-01-18,58.322025299072266
2022-01-19,57.33634567260742
2022-01-20,55.03936767578125
2022-01-21,54.7049446105957
2022-01-24,56.77310562133789
2022-01-25,56.262664794921875
2022-01-26,55.083370208740234
2022-01-27,53.895286560058594
2022-01-28,54.000892639160156
2022-01-31,54.660945892333984
2022-02-01,54.29131317138672
2022-02-02,53.69744110107422
2022-02-03,53.334007263183594
2022-02-04,54.37108612060547
2022-02-07,55.05360794067383
2022-02-08,56.454097747802734
2022-02-09,55.88681411743164
2022-02-10,56.152732849121094
2022-02-11,56.117271423339844
2022-02-14,54.9915657043457
2022-02-15,56.38319396972656
2022-02-16,56.40092086791992
2022-02-17,54.81428146362305
2022-02-18,55.33725357055664
2022-02-22,54.98270034790039
2022-02-23,54.08744812011719
2022-02-24,52.881954193115234
2022-02-25,55.07133865356445
2022-02-28,54.610416412353516
2022-03-01,52.52739715576172
2022-03-02,54.46859359741211
2022-03-03,54.30904006958008
2022-03-04,51.81829071044922
2022-03-07,49.91255569458008
2022-03-08,50.37348175048828
2022-03-09,52.02215576171875
2022-03-10,52.31466293334961
2022-03-11,52.93513870239258
2022-03-14,53.564476013183594
2022-03-15,52.961727142333984
2022-03-16,54.238128662109375
2022-03-17,53.74175262451172
2022-03-18,53.35173797607422
2022-03-21,52.988319396972656
2022-03-22,53.537879943847656
2022-03-23,51.25099563598633
2022-03-24,52.34125900268555
2022-03-25,53.7772102355957
2022-03-28,53.35173797607422
2022-03-29,54.58382797241211
2022-03-30,52.412174224853516
2022-03-31,51.880332946777344
2022-04-01,51.490325927734375
2022-04-04,50.9318962097168
2022-04-05,50.32914733886719
2022-04-06,49.841644287109375
2022-04-07,49.36298751831055
2022-04-08,49.18571472167969
2022-04-11,49.01730728149414
2022-04-12,49.230037689208984
2022-04-13,49.78845977783203
2022-04-14,48.981842041015625
2022-04-18,48.95525360107422
2022-04-19,50.90530776977539
2022-04-20,51.40168762207031
2022-04-21,50.96734619140625
2022-04-22,50.15188217163086
2022-04-25,50.21392822265625
2022-04-26,48.82229232788086
2022-04-27,48.512054443359375
2022-04-28,49.07048797607422
2022-04-29,47.59907913208008
2022-05-02,48.25148391723633
2022-05-03,48.89495849609375
2022-05-04,50.467891693115234
2022-05-05,49.12732696533203
2022-05-06,49.574180603027344
2022-05-09,49.788673400878906
2022-05-10,49.06476974487305
2022-05-11,48.50173568725586
2022-05-12,48.62684631347656
2022-05-13,48.886024475097656
2022-05-16,48.13530731201172
2022-05-17,50.00315856933594
2022-05-18,49.2881965637207
2022-05-19,48.412357330322266
2022-05-20,48.716209411621094
2022-05-23,50.00315856933594
2022-05-24,49.91379165649414
2022-05-25,50.31596374511719
2022-05-26,51.745906829833984
2022-05-27,52.66642379760742
2022-05-31,51.93357467651367
2022-06-01,51.290103912353516
2022-06-02,52.130191802978516
2022-06-03,51.79951858520508
2022-06-06,51.835269927978516
2022-06-07,52.505558013916016
2022-06-08,51.32585144042969
2022-06-09,49.89591598510742
2022-06-10,48.957523345947266
2022-06-13,47.983375549316406
2022-06-14,48.56428146362305
2022-06-15,48.39448547363281
2022-06-16,47.00029373168945
2022-06-17,48.3229866027832
2022-06-21,49.98529052734375
2022-06-22,49.58311462402344
2022-06-23,49.17201232910156
2022-06-24,49.94953918457031
2022-06-27,50.351715087890625
2022-06-28,50.43214416503906
2022-06-29,49.869102478027344
2022-06-30,50.23552322387695
2022-07-01,51.84420394897461
2022-07-05,51.6029052734375
2022-07-06,51.62078094482422
2022-07-07,51.433109283447266
2022-07-08,51.3079833984375
2022-07-11,51.03986740112305
2022-07-12,51.03986740112305
2022-07-13,50.458953857421875
2022-07-14,49.68143081665039
2022-07-15,51.03092956542969
2022-07-18,51.2275505065918
2022-07-19,52.702171325683594
2022-07-20,53.506507873535156
2022-07-21,52.96134567260742
2022-07-22,52.121253967285156
2022-07-25,53.220523834228516
2022-07-26,53.47076416015625
2022-07-27,54.22147750854492
2022-07-28,54.543216705322266
2022-07-29,55.401187896728516
2022-08-01,55.30216979980469
2022-08-02,54.528079986572266
2022-08-03,54.456077575683594
2022-08-04,54.1860466003418
2022-08-05,54.84312057495117
2022-08-08,54.85211944580078
2022-08-09,55.257164001464844
2022-08-10,55.49119567871094
2022-08-11,56.30127716064453
2022-08-12,57.3994026184082
2022-08-15,57.633426666259766
2022-08-16,58.10148239135742
2022-08-17,57.65143585205078
2022-08-18,57.86744689941406
2022-08-19,57.55242156982422
2022-08-22,56.45429611206055
2022-08-23,55.67120361328125
2022-08-24,55.50019073486328
2022-08-25,56.48129653930664
2022-08-26,55.43718338012695
2022-08-29,54.456077575683594
2022-08-30,55.22115707397461
2022-08-31,54.690101623535156
2022-09-01,53.84400177001953
2022-09-02,53.49296569824219
2022-09-06,52.53886032104492
2022-09-07,53.0249137878418
2022-09-08,53.68198776245117
2022-09-09,54.96013641357422
2022-09-12,55.149147033691406
2022-09-13,54.06003189086914
2022-09-14,54.16803741455078
2022-09-15,54.708099365234375
2022-09-16,55.36517333984375
2022-09-19,56.07625961303711
2022-09-20,56.2022705078125
2022-09-21,55.82422637939453
2022-09-22,54.735103607177734
2022-09-23,54.14104461669922
2022-09-26,54.06003189086914
2022-09-27,52.943904876708984
2022-09-28,53.05191421508789
2022-09-29,52.96190643310547
2022-09-30,53.17793655395508
2022-10-03,54.62709045410156
2022-10-04,56.54430389404297
2022-10-05,56.17526626586914
2022-10-06,56.30127716064453
2022-10-07,54.98713302612305
2022-10-10,55.30216979980469
2022-10-11,56.04024887084961
2022-10-12,56.39128875732422
2022-10-13,58.6595344543457
2022-10-14,58.43451690673828
2022-10-17,60.13570022583008
2022-10-18,60.79278564453125
2022-10-19,60.108707427978516
2022-10-20,60.567752838134766
2022-10-21,59.703670501708984
2022-10-24,61.02682113647461
2022-10-25,61.96291732788086
2022-10-26,63.232051849365234
2022-10-27,64.43818664550781
2022-10-28,66.8563232421875
2022-10-31,67.69860076904297
2022-11-01,66.94686889648438
2022-11-02,65.4072494506836
2022-11-03,64.4019546508789
2022-11-04,65.56120300292969
2022-11-07,65.74234008789062
2022-11-08,64.29327392578125
2022-11-09,63.34233856201172
2022-11-10,65.1989517211914
2022-11-11,64.03062438964844
2022-11-14,62.98912811279297
2022-11-15,63.22458267211914
2022-11-16,62.672142028808594
2022-11-17,62.264583587646484
2022-11-18,63.08875274658203
2022-11-21,63.3332633972168
2022-11-22,63.7951774597168
2022-11-23,63.7498779296875
2022-11-25,64.86386108398438
2022-11-28,62.771759033203125
2022-11-29,62.82610321044922
2022-11-30,63.958194732666016
2022-12-01,63.958194732666016
2022-12-02,63.958194732666016
2022-12-05,60.272117614746094
2022-12-06,59.73778533935547
2022-12-07,59.71967315673828
2022-12-08,59.683441162109375
2022-12-09,59.90080261230469
2022-12-12,59.828338623046875
2022-12-13,59.56569290161133
2022-12-14,57.817771911621094
2022-12-15,56.549835205078125
2022-12-16,55.7437858581543
2022-12-19,56.314361572265625
2022-12-20,56.16944885253906
2022-12-21,56.86681365966797
2022-12-22,56.477378845214844
2022-12-23,57.04794692993164
2022-12-27,57.59135055541992
2022-12-28,56.79435729980469
2022-12-29,57.62757110595703
2022-12-30,57.2381477355957
2023-01-03,56.99361038208008
2023-01-04,56.730960845947266
2023-01-05,56.386802673339844
2023-01-06,57.64568328857422
2023-01-09,56.64945602416992
2023-01-10,57.30153274536133
2023-01-11,57.42832946777344
2023-01-12,58.59663391113281
2023-01-13,58.397396087646484
2023-01-17,57.69097137451172
2023-01-18,55.53548049926758
2023-01-19,55.517372131347656
2023-01-20,58.352108001708984
2023-01-23,57.34681701660156
2023-01-24,57.373985290527344
2023-01-25,56.60417175292969
2023-01-26,57.03889846801758
2023-01-27,56.7762451171875
2023-01-30,56.930213928222656
2023-01-31,58.71438217163086
2023-02-01,59.43518829345703
2023-02-02,60.24724578857422
2023-02-03,60.621337890625
2023-02-06,59.426055908203125
2023-02-07,59.74541091918945
2023-02-08,59.3256950378418
2023-02-09,58.23991775512695
2023-02-10,58.09392547607422
2023-02-13,58.15779495239258
2023-02-14,57.89319610595703
2023-02-15,58.34028244018555
2023-02-16,57.7107048034668
2023-02-17,58.62313461303711
2023-02-21,57.619468688964844
2023-02-22,57.60122299194336
2023-02-23,58.057430267333984
2023-02-24,58.2581672668457
2023-02-27,57.67420959472656
2023-02-28,57.46435546875
2023-03-01,57.57384490966797
2023-03-02,57.309242248535156
2023-03-03,57.63771438598633
2023-03-06,57.31836700439453
2023-03-07,55.89498519897461
2023-03-08,55.82199478149414
2023-03-09,51.880332946777344
2023-03-10,51.588356018066406
2023-03-13,47.372962951660156
2023-03-14,49.47154235839844
2023-03-15,49.40766906738281
2023-03-16,52.29092025756836
2023-03-17,48.94233322143555
2023-03-20,48.9240837097168
2023-03-21,51.305511474609375
2023-03-22,48.81459045410156
2023-03-23,48.33100891113281
2023-03-24,49.690513610839844
2023-03-27,49.562782287597656
2023-03-28,50.018985748291016
2023-03-29,49.90950012207031
2023-03-30,48.76897048950195
2023-03-31,49.608402252197266
2023-04-03,49.106571197509766
2023-04-04,48.26714324951172
2023-04-05,47.4915771484375
2023-04-06,48.29450988769531
2023-04-10,48.28538513183594
2023-04-11,47.81092834472656
2023-04-12,47.32734298706055
2023-04-13,47.89304733276367
2023-04-14,47.026241302490234
2023-04-17,48.31275939941406
2023-04-18,47.3820915222168
2023-04-19,47.993408203125
2023-04-20,47.017120361328125
2023-04-21,46.004329681396484
2023-04-24,45.21052551269531
2023-04-25,44.04261779785156
2023-04-26,44.544456481933594
2023-04-27,45.67585754394531
2023-04-28,45.548118591308594
2023-05-01,44.67290115356445
2023-05-02,42.21308517456055
2023-05-03,41.79850769042969
2023-05-04,40.167842864990234
2023-05-05,41.60504150390625
2023-05-08,40.93250274658203
2023-05-09,40.04807662963867
2023-05-10,39.77168273925781
2023-05-11,38.8780403137207
2023-05-12,38.8227653503418
2023-05-15,40.499507904052734
2023-05-16,40.36130905151367
2023-05-17,43.45681381225586
2023-05-18,43.00539016723633
2023-05-19,41.97355270385742
2023-05-22,43.272560119628906
2023-05-23,43.85295867919922
2023-05-24,42.68294143676758
2023-05-25,41.74323272705078
2023-05-26,42.18544006347656
2023-05-30,41.6326789855957
2023-05-31,39.86381530761719
2023-06-01,41.25494384765625
2023-06-02,44.08327865600586
2023-06-05,42.167015075683594
2023-06-06,43.94509506225586
2023-06-07,44.34123992919922
2023-06-08,43.300193786621094
2023-06-09,42.75663757324219
2023-06-12,42.167015075683594
2023-06-13,42.71978759765625
2023-06-14,42.00119400024414
2023-06-15,43.42917251586914
2023-06-16,42.78427505493164
2023-06-20,42.314422607421875
2023-06-21,41.69716262817383
2023-06-22,40.775875091552734
2023-06-23,40.25996780395508
2023-06-26,40.204689025878906
2023-06-27,40.68375015258789
2023-06-28,40.49028778076172
2023-06-29,41.07990264892578
2023-06-30,40.232322692871094
2023-07-03,41.32865524291992
2023-07-05,40.849586486816406
2023-07-06,40.32445526123047
2023-07-07,41.06148147583008
2023-07-10,41.19045639038086
2023-07-11,41.669525146484375
2023-07-12,42.876407623291016
2023-07-13,43.54894256591797
2023-07-14,42.9040412902832
2023-07-17,43.42917251586914
2023-07-18,44.6821174621582
2023-07-19,45.51127243041992
2023-07-20,42.1025276184082
2023-07-21,40.99699783325195
2023-07-24,41.522125244140625
2023-07-25,40.950927734375
2023-07-26,43.788475036621094
2023-07-27,43.189640045166016
2023-07-28,43.8253288269043
2023-07-31,44.30927276611328
2023-08-01,44.26273727416992
2023-08-02,43.99284744262695
2023-08-03,44.569862365722656
2023-08-04,44.77460479736328
2023-08-07,45.22132873535156
2023-08-08,44.337196350097656
2023-08-09,43.92770004272461
2023-08-10,43.75086975097656
2023-08-11,43.639190673828125
2023-08-14,43.2855339050293
2023-08-15,41.9267578125
2023-08-16,41.470733642578125
2023-08-17,41.51726150512695
2023-08-18,41.29389953613281
2023-08-21,40.7634162902832
2023-08-22,39.562843322753906
2023-08-23,40.38184356689453
2023-08-24,40.456298828125
2023-08-25,40.16778564453125
2023-08-28,40.661033630371094
2023-08-29,40.623817443847656
2023-08-30,40.428375244140625
2023-08-31,40.53074645996094
2023-09-01,41.56379699707031
2023-09-05,40.716880798339844
2023-09-06,40.44698715209961
2023-09-07,40.24223709106445
2023-09-08,40.63311767578125
2023-09-11,40.428375244140625
2023-09-12,40.642425537109375
2023-09-13,40.2608528137207
2023-09-14,40.688968658447266
2023-09-15,40.335304260253906
2023-09-18,40.24223709106445
2023-09-19,39.730369567871094
2023-09-20,39.47909164428711
2023-09-21,39.209197998046875
2023-09-22,39.386024475097656
2023-09-25,39.497703552246094
2023-09-26,38.697322845458984
2023-09-27,38.47396469116211
2023-09-28,38.706626892089844
2023-09-29,39.441864013671875
2023-10-02,38.743858337402344
2023-10-03,38.362281799316406
2023-10-04,39.03236770629883
2023-10-05,40.01887893676758
2023-10-06,40.623817443847656
2023-10-09,41.25667190551758
2023-10-10,41.25667190551758
2023-10-11,41.433502197265625
2023-10-12,41.117069244384766
2023-10-13,40.17708969116211
2023-10-16,40.10264205932617
2023-10-17,40.642425537109375
2023-10-18,39.637298583984375
2023-10-19,40.27016067504883
2023-10-20,37.97140121459961
2023-10-23,37.943485260009766
2023-10-24,36.99420166015625
2023-10-25,37.65497589111328
2023-10-26,39.30226135253906
2023-10-27,38.93930435180664
2023-10-30,39.246421813964844
2023-10-31,39.28364944458008
2023-11-01,39.15335464477539
2023-11-02,40.97028350830078
2023-11-03,42.099979400634766
2023-11-06,41.845794677734375
2023-11-07,41.22446060180664
2023-11-08,40.19831848144531
2023-11-09,40.11359405517578
2023-11-10,39.88765335083008
2023-11-13,40.04770278930664
2023-11-14,43.286155700683594
2023-11-15,43.210845947265625
2023-11-16,42.68365478515625
2023-11-17,43.03197479248047
2023-11-20,42.63657760620117
2023-11-21,41.77989959716797
2023-11-22,41.93052673339844
2023-11-24,41.85520935058594
2023-11-27,41.280941009521484
2023-11-28,41.130313873291016
2023-11-29,42.570682525634766
2023-11-30,42.4953727722168
2023-12-01,44.58530807495117
2023-12-04,45.4608268737793
2023-12-05,45.51730728149414
2023-12-06,46.684661865234375
2023-12-07,46.571685791015625
2023-12-08,46.938838958740234
2023-12-11,46.38340759277344
2023-12-12,46.52461242675781
2023-12-13,49.320613861083984
2023-12-14,50.61034393310547
2023-12-15,50.71390151977539
2023-12-18,50.18671417236328
2023-12-19,51.05280685424805
2023-12-20,50.064327239990234
2023-12-21,50.67625045776367
2023-12-22,51.06222915649414
2023-12-26,51.74003982543945
2023-12-27,51.89067077636719
2023-12-28,51.50469207763672
2023-12-29,50.42206573486328
2024-01-02,49.84780502319336
2024-01-03,47.7296257019043
2024-01-04,47.955562591552734
2024-01-05,48.096778869628906
2024-01-08,48.62397003173828
2024-01-09,47.936737060546875
2024-01-10,48.17208480834961
2024-01-11,47.71079635620117
2024-01-12,47.268333435058594
2024-01-16,46.703487396240234
2024-01-17,46.13863754272461
2024-01-18,46.33633804321289
2024-01-19,45.86562728881836
2024-01-22,46.025665283203125
2024-01-23,45.715003967285156
2024-01-24,46.976497650146484
2024-01-25,45.35726547241211
2024-01-26,45.404335021972656
2024-01-29,46.03507995605469
2024-01-30,45.55495834350586
2024-01-31,43.851009368896484
2024-02-01,43.39912796020508
2024-02-02,43.09787368774414
2024-02-05,42.45771408081055
2024-02-06,42.381595611572266
2024-02-07,41.905818939208984
2024-02-08,41.962913513183594
2024-02-09,42.33401107788086
2024-02-12,43.32361602783203
2024-02-13,41.16361618041992
2024-02-14,41.7821159362793
2024-02-15,43.74229431152344
2024-02-16,42.9715461730957
2024-02-20,42.3625602722168
2024-02-21,42.15321350097656
2024-02-22,42.33401107788086
2024-02-23,42.324501037597656
2024-02-26,41.68696212768555
2024-02-27,41.8297004699707
2024-02-28,41.69647979736328
2024-02-29,41.71551513671875
2024-03-01,42.809783935546875
2024-03-04,42.952518463134766
2024-03-05,44.513038635253906
2024-03-06,44.436920166015625
2024-03-07,44.27515411376953
2024-03-08,44.32273483276367
2024-03-11,44.436920166015625
2024-03-12,43.77083969116211
2024-03-13,43.77083969116211
2024-03-14,42.819297790527344
2024-03-15,43.31410217285156
2024-03-18,42.505287170410156
2024-03-19,42.52431869506836
2024-03-20,44.0848503112793
2024-03-21,44.24660873413086
2024-03-22,43.704227447509766
2024-03-25,43.609073638916016
2024-03-26,43.000091552734375
2024-03-27,45.493125915527344
2024-03-28,45.673919677734375
2024-04-01,44.69383239746094
2024-04-02,44.37030792236328
2024-04-03,44.37030792236328
2024-04-04,44.28466796875
2024-04-05,43.93260192871094
2024-04-08,44.30370330810547
2024-04-09,44.47498321533203
2024-04-10,41.801151275634766
2024-04-11,42.21982955932617
2024-04-12,41.7916374206543
2024-04-15,41.705997467041016
2024-04-16,40.88767623901367
2024-04-17,41.05894470214844
2024-04-18,41.61083984375
2024-04-19,42.762203216552734
2024-04-22,43.02863693237305
2024-04-23,43.81840896606445
2024-04-24,43.91357421875
2024-04-25,43.18088150024414
2024-04-26,43.1618537902832
2024-04-29,42.8060188293457
2024-04-30,41.95970916748047
2024-05-01,42.71946334838867
2024-05-02,43.536922454833984
2024-05-03,44.46978759765625
2024-05-06,44.537109375
2024-05-07,44.46017074584961
2024-05-08,44.883323669433594
2024-05-09,44.83523941040039
2024-05-10,44.6717529296875
2024-05-13,44.883323669433594
2024-05-14,45.027584075927734
2024-05-15,44.969879150390625
2024-05-16,44.78715515136719
2024-05-17,45.25839614868164
2024-05-20,44.25821304321289
2024-05-21,44.46017074584961
2024-05-22,44.181270599365234
2024-05-23,43.71964645385742
2024-05-24,44.08509826660156
2024-05-28,44.24859619140625
2024-05-29,43.969696044921875
2024-05-30,44.296688079833984
2024-05-31,45.03720474243164
2024-06-03,44.71983337402344
2024-06-04,44.23897933959961
2024-06-05,44.11395263671875
2024-06-06,44.28705978393555
2024-06-07,44.47940444946289
2024-06-10,43.84467697143555
2024-06-11,43.58500671386719
2024-06-12,45.48920822143555
2024-06-13,44.44093704223633
2024-06-14,43.892757415771484
2024-06-17,45.00834655761719
2024-06-18,45.604610443115234
2024-06-20,44.91218185424805
2024-06-21,44.6236686706543
2024-06-24,45.57576370239258
2024-06-25,44.93141174316406
2024-06-26,45.63346481323242
2024-06-27,46.22011184692383
2024-06-28,47.7396240234375
2024-07-01,47.3357048034668
2024-07-02,47.44149398803711
2024-07-03,46.51824188232422
2024-07-05,45.5565299987793
2024-07-08,45.97968673706055
2024-07-09,46.864463806152344
2024-07-10,48.21086883544922
2024-07-11,50.30740737915039
2024-07-12,50.865203857421875
2024-07-15,52.87519454956055
2024-07-16,56.2411994934082
2024-07-17,57.02019500732422
2024-07-18,56.250823974609375
2024-07-19,55.93345260620117
2024-07-22,56.885555267333984
2024-07-23,57.84727096557617
2024-07-24,56.270050048828125
2024-07-25,57.77033233642578
2024-07-26,59.04941940307617
2024-07-29,57.23176956176758
2024-07-30,57.42411422729492
2024-07-31,56.952880859375
2024-08-01,54.40433120727539
2024-08-02,52.779022216796875
2024-08-05,51.32682800292969
2024-08-06,51.22978210449219
2024-08-07,51.48210144042969
2024-08-08,52.26816177368164
2024-08-09,52.02554702758789
2024-08-12,51.73442077636719
2024-08-13,52.28757095336914
2024-08-14,52.112892150878906
2024-08-15,53.15126419067383
2024-08-16,54.965999603271484
2024-08-19,55.70353698730469
2024-08-20,54.3934326171875
2024-08-21,54.480777740478516
2024-08-22,54.34491729736328
2024-08-23,57.401817321777344
2024-08-26,57.63471984863281
2024-08-27,57.23683547973633
2024-08-28,57.90644454956055
2024-08-29,57.46004104614258
2024-08-30,57.80940628051758
2024-09-03,57.05245590209961
2024-09-04,56.83895492553711
2024-09-05,56.518707275390625
2024-09-06,55.50944519042969
2024-09-09,55.09215545654297
2024-09-10,55.198909759521484
2024-09-11,54.325504302978516
2024-09-12,54.34491729736328
2024-09-13,55.84910202026367
2024-09-16,56.56723403930664
2024-09-17,56.809844970703125
2024-09-18,57.77058029174805
2024-09-19,59.47856521606445
2024-09-20,59.47856521606445
2024-09-23,58.93511199951172
2024-09-24,58.29462432861328
2024-09-25,56.96511459350586
2024-09-26,57.46974563598633
2024-09-27,57.09127426147461
2024-09-30,57.79970169067383
2024-10-01,56.149940490722656
2024-10-02,56.305213928222656
2024-10-03,56.88747787475586
2024-10-04,57.74147415161133
2024-10-07,57.275657653808594
2024-10-08,57.343589782714844
2024-10-09,58.411075592041016
2024-10-10,58.449893951416016
2024-10-11,61.46798324584961
2024-10-14,62.380191802978516
2024-10-15,63.156551361083984
2024-10-16,63.91349411010742
2024-10-17,65.92232513427734
2024-10-18,64.7771987915039
2024-10-21,62.748966217041016
2024-10-22,63.56413650512695
2024-10-23,63.292423248291016
2024-10-24,62.63251495361328
2024-10-25,61.34182357788086
2024-10-28,63.098323822021484
2024-10-29,62.865421295166016
2024-10-30,63.31181335449219
2024-10-31,62.14728546142578
2024-11-01,62.98187255859375
2024-11-04,62.3510856628418
2024-11-05,63.72970962524414
2024-11-06,73.11610412597656
2024-11-07,69.92864227294922
2024-11-08,71.60060119628906
2024-11-11,73.6245346069336
2024-11-12,72.84233856201172
2024-11-13,71.95258331298828
2024-11-14,71.77659606933594
2024-11-15,71.88414001464844
2024-11-18,71.24860382080078
2024-11-19,70.66195678710938
2024-11-20,70.63262176513672
2024-11-21,71.55171203613281
2024-11-22,73.79075622558594
2024-11-25,74.56317138671875
2024-11-26,73.83963775634766
2024-11-27,73.59519958496094
2024-11-29,72.93032836914062
2024-12-02,72.77389526367188
2024-12-03,71.65926361083984
2024-12-04,72.76411437988281
2024-12-05,71.8939208984375
2024-12-06,73.5854263305664
2024-12-09,72.13835906982422
2024-12-10,71.62992858886719
2024-12-11,71.8939208984375
2024-12-12,70.42729949951172
2024-12-13,69.78197479248047
2024-12-16,70.29041290283203
2024-12-17,68.43268585205078
2024-12-18,64.08170318603516
2024-12-19,63.426612854003906
2024-12-20,64.3359146118164
2024-12-23,64.9323501586914
2024-12-24,66.06653594970703
2024-12-26,66.62384796142578
2024-12-27,65.37232971191406
2024-12-30,65.2354507446289
2024-12-31,65.2843246459961
2025-01-02,64.55101776123047
2025-01-03,65.26478576660156
2025-01-06,65.24523162841797
2025-01-07,65.20611572265625
2025-01-08,65.34300231933594
2025-01-10,63.553714752197266
2025-01-13,64.3359146118164
2025-01-14,67.83625793457031
2025-01-15,68.88245391845703
2025-01-16,68.2762451171875
2025-01-17,68.55001831054688
2025-01-21,69.0975570678711
2025-01-22,68.60867309570312
2025-01-23,68.70645141601562
2025-01-24,67.96337127685547
2025-01-27,69.76242065429688
2025-01-28,69.41043090820312
2025-01-29,68.95088958740234
2025-01-30,69.48866271972656
2025-01-31,69.0975570678711
2025-02-03,67.92426300048828
2025-02-04,69.69644927978516
2025-02-05,70.23794555664062
2025-02-06,70.24779510498047
2025-02-07,68.76111602783203
2025-02-10,67.9341049194336
2025-02-11,69.11556243896484
2025-02-12,66.8904800415039
2025-02-13,67.47136688232422
2025-02-14,67.59935760498047
2025-02-18,67.82579803466797
2025-02-19,68.42637634277344
2025-02-20,67.23506927490234
2025-02-21,66.24066925048828
2025-02-24,65.61055755615234
2025-02-25,67.16615295410156
2025-02-26,66.87078094482422
2025-02-27,67.21537780761719
2025-02-28,67.91441345214844
2025-03-03,67.34336853027344
2025-03-04,64.75399017333984
2025-03-05,63.828521728515625
2025-03-06,63.0113410949707
2025-03-07,62.93257141113281
2025-03-10,61.977561950683594
2025-03-11,61.22929763793945
2025-03-12,61.84956741333008
2025-03-13,61.22929763793945
2025-03-14,63.02119064331055
2025-03-17,63.720218658447266
2025-03-18,63.897438049316406
2025-03-19,63.95650863647461
2025-03-20,63.26732635498047
2025-03-21,62.78489303588867
2025-03-24,65.00012969970703
2025-03-25,64.48816680908203
2025-03-26,63.65129852294922
2025-03-27,63.44454574584961
2025-03-28,62.824275970458984
2025-03-31,62.78489303588867
2025-04-01,62.519065856933594
2025-04-02,62.90304183959961
2025-04-03,57.61599349975586
2025-04-04,55.64689254760742
2025-04-07,56.29669189453125
2025-04-08,56.316383361816406
2025-04-09,59.18143081665039
2025-04-10,55.9127197265625
2025-04-11,55.63704299926758
2025-04-14,57.222171783447266
2025-04-15,58.93529510498047
2025-04-16,58.75807571411133
2025-04-17,59.55556106567383
2025-04-21,58.797454833984375
2025-04-22,60.353050231933594
2025-04-23,60.79609680175781
2025-04-24,61.2982177734375
2025-04-25,60.56964874267578
2025-04-28,60.67795181274414
2025-04-29,61.08478927612305
2025-04-30,60.66802978515625
2025-05-01,61.918304443359375
2025-05-02,62.642669677734375
2025-05-05,61.580928802490234
2025-05-06,61.1343994140625
2025-05-07,61.47177505493164
2025-05-08,62.67243576049805
2025-05-09,62.47397994995117
2025-05-12,64.91498565673828
2025-05-13,64.58753204345703
2025-05-14,64.18070220947266
2025-05-15,64.81575775146484
2025-05-16,64.28985595703125
2025-05-19,64.26008605957031
2025-05-20,63.88301467895508
2025-05-21,62.17629623413086
2025-05-22,61.64046096801758
2025-05-23,61.35270309448242
2025-05-27,62.24575424194336
2025-05-28,60.95579147338867
2025-05-29,61.4420051574707
2025-05-30,61.174095153808594
2025-06-02,60.70772171020508
2025-06-03,61.48169708251953
2025-06-04,60.70772171020508
2025-06-05,60.69779586791992
2025-06-06,61.93814468383789
2025-06-09,62.23583221435547
2025-06-10,62.89073944091797
2025-06-11,61.987762451171875
2025-06-12,61.8587646484375
2025-06-13,61.04509735107422
2025-06-16,60.25127029418945
2025-06-17,60.7176399230957
2025-06-18,61.7198486328125
2025-06-20,61.3725471496582
2025-06-23,62.77165985107422
2025-06-24,63.00981140136719
2025-06-25,62.652587890625
2025-06-26,64.01201629638672
2025-06-27,63.525794982910156
2025-06-30,63.65479278564453
2025-07-01,66.12557220458984
2025-07-02,67.18730926513672
2025-07-03,68.13990020751953
2025-07-07,67.43537902832031
2025-07-08,67.73307037353516
2025-07-09,68.39789581298828
2025-07-10,68.16966247558594
2025-07-11,68.14982604980469
2025-07-14,68.86426544189453
2025-07-15,66.19503021240234
2025-07-16,66.3141098022461
2025-07-17,66.69116973876953
2025-07-18,65.5798110961914
2025-07-21,65.42105102539062
2025-07-22,64.77606964111328
2025-07-23,64.82568359375
2025-07-24,62.980045318603516
2025-07-25,64.5577621459961
2025-07-28,64.63715362548828
2025-07-29,63.962398529052734
2025-07-30,62.335060119628906
2025-07-31,61.600772857666016
2025-08-01,60.60849380493164
2025-08-04,61.70000076293945
2025-08-05,63.16999816894531
2025-08-06,63.09000015258789
2025-08-07,61.90999984741211
2025-08-08,62.5099983215332
2025-08-11,62.36000061035156
2025-08-12,64.9000015258789
2025-08-13,66.11000061035156
2025-08-14,65.5199966430664
2025-08-15,63.720001220703125
2025-08-18,64.11000061035156
2025-08-19,64.3499984741211
2025-08-20,64.16000366210938
2025-08-21,63.83000183105469
2025-08-22,67.72000122070312
2025-08-25,67.04000091552734
2025-08-26,67.43000030517578
2025-08-27,67.63999938964844
2025-08-28,67.26000213623047
2025-08-29,67.02999877929688
2025-09-02,66.88999938964844
2025-09-03,66.70999908447266
2025-09-04,67.79000091552734
2025-09-05,67.66000366210938
2025-09-08,67.63999938964844
2025-09-09,66.81999969482422
2025-09-10,66.61000061035156
2025-09-11,67.30000305175781
2025-09-12,66.13999938964844
2025-09-15,65.43000030517578
2025-09-16,64.79000091552734
2025-09-17,65.45999908447266
2025-09-18,67.76000213623047
2025-09-19,67.12999725341797
