Date,SBUX
2010-01-04,8.669217109680176
2010-01-05,8.872315406799316
2010-01-06,8.808379173278809
2010-01-07,8.785808563232422
2010-01-08,8.755721092224121
2010-01-11,8.729393005371094
2010-01-12,8.582712173461914
2010-01-13,8.793329238891602
2010-01-14,8.857269287109375
2010-01-15,8.751962661743164
2010-01-19,8.868551254272461
2010-01-20,8.759481430053711
2010-01-21,8.906166076660156
2010-01-22,8.616559028625488
2010-01-25,8.42474365234375
2010-01-26,8.477405548095703
2010-01-27,8.428506851196289
2010-01-28,8.304394721984863
2010-01-29,8.19532585144043
2010-02-01,8.360811233520508
2010-02-02,8.443556785583496
2010-02-03,8.436031341552734
2010-02-04,8.202844619750977
2010-02-05,8.161474227905273
2010-02-08,8.240456581115723
2010-02-09,8.345765113830566
2010-02-10,8.413463592529297
2010-02-11,8.484926223754883
2010-02-12,8.499971389770508
2010-02-16,8.605277061462402
2010-02-17,8.70682430267334
2010-02-18,8.748197555541992
2010-02-19,8.785808563232422
2010-02-22,8.61280345916748
2010-02-23,8.530057907104492
2010-02-24,8.680500030517578
2010-02-25,8.61280345916748
2010-02-26,8.616559028625488
2010-03-01,8.759481430053711
2010-03-02,8.774526596069336
2010-03-03,8.672974586486816
2010-03-04,8.620322227478027
2010-03-05,8.789568901062012
2010-03-08,8.770769119262695
2010-03-09,8.88359546661377
2010-03-10,9.113022804260254
2010-03-11,9.128066062927246
2010-03-12,9.131826400756836
2010-03-15,9.184478759765625
2010-03-16,9.511691093444824
2010-03-17,9.613237380981445
2010-03-18,9.410141944885254
2010-03-19,9.391337394714355
2010-03-22,9.492886543273926
2010-03-23,9.556821823120117
2010-03-24,9.511691093444824
2010-03-25,9.105499267578125
2010-03-26,9.248414039611816
2010-03-29,9.255941390991211
2010-03-30,9.237137794494629
2010-03-31,9.128066062927246
2010-04-01,9.116782188415527
2010-04-05,9.294283866882324
2010-04-06,9.290507316589355
2010-04-07,9.40758228302002
2010-04-08,9.377372741699219
2010-04-09,9.335824012756348
2010-04-12,9.248964309692383
2010-04-13,9.33960247039795
2010-04-14,9.381146430969238
2010-04-15,9.490669250488281
2010-04-16,9.42646312713623
2010-04-19,9.403803825378418
2010-04-20,9.539765357971191
2010-04-21,9.588858604431152
2010-04-22,10.291309356689453
2010-04-23,10.295085906982422
2010-04-26,10.344183921813965
2010-04-27,10.019394874572754
2010-04-28,9.90231990814209
2010-04-29,10.045827865600586
2010-04-30,9.811680793762207
2010-05-03,10.264874458312988
2010-05-04,9.830562591552734
2010-05-05,9.90231990814209
2010-05-06,9.671942710876465
2010-05-07,9.611518859863281
2010-05-10,10.21200180053711
2010-05-11,10.083600044250488
2010-05-12,10.517908096313477
2010-05-13,10.363065719604492
2010-05-14,10.011842727661133
2010-05-17,10.1629056930542
2010-05-18,10.038277626037598
2010-05-19,9.890992164611816
2010-05-20,9.479336738586426
2010-05-21,9.551093101501465
2010-05-24,9.468009948730469
2010-05-25,9.411356925964355
2010-05-26,9.332050323486328
2010-05-27,9.826789855957031
2010-05-28,9.777690887451172
2010-06-01,9.705933570861816
2010-06-02,10.038277626037598
2010-06-03,10.144025802612305
2010-06-04,9.875885963439941
2010-06-07,9.645512580871582
2010-06-08,9.762584686279297
2010-06-09,9.936310768127441
2010-06-10,10.189340591430664
2010-06-11,10.253544807434082
2010-06-14,10.370620727539062
2010-06-15,10.548121452331543
2010-06-16,10.570785522460938
2010-06-17,10.567007064819336
2010-06-18,10.608551025390625
2010-06-21,10.582112312316895
2010-06-22,10.283759117126465
2010-06-23,10.3177490234375
2010-06-24,10.072266578674316
2010-06-25,10.125143051147461
2010-06-28,9.966520309448242
2010-06-29,9.445347785949707
2010-06-30,9.177206039428711
2010-07-01,9.313166618347168
2010-07-02,9.196093559265137
2010-07-06,8.916622161865234
2010-07-07,9.214971542358398
2010-07-08,9.381146430969238
2010-07-09,9.554868698120117
2010-07-12,9.543539047241211
2010-07-13,9.796570777893066
2010-07-14,9.819232940673828
2010-07-15,9.86833381652832
2010-07-16,9.573749542236328
2010-07-19,9.626627922058105
2010-07-20,9.732370376586914
2010-07-21,9.50577163696289
2010-07-22,9.498218536376953
2010-07-23,9.585081100463867
2010-07-26,9.588858604431152
2010-07-27,9.509550094604492
2010-07-28,9.43779182434082
2010-07-29,9.373590469360352
2010-07-30,9.384922981262207
2010-08-02,9.369735717773438
2010-08-03,9.384920120239258
2010-08-04,9.55955982208252
2010-08-05,9.55955982208252
2010-08-06,9.616508483886719
2010-08-09,9.74179458618164
2010-08-10,9.643085479736328
2010-08-11,9.362144470214844
2010-08-12,9.286214828491211
2010-08-13,9.107778549194336
2010-08-16,9.04323673248291
2010-08-17,9.225468635559082
2010-08-18,9.301401138305664
2010-08-19,9.126761436462402
2010-08-20,9.130555152893066
2010-08-23,8.990090370178223
2010-08-24,8.66358757019043
2010-08-25,8.868598937988281
2010-08-26,8.834433555603027
2010-08-27,8.910361289978027
2010-08-30,8.895173072814941
2010-08-31,8.724335670471191
2010-09-01,8.990090370178223
2010-09-02,9.362144470214844
2010-09-03,9.517800331115723
2010-09-07,9.441869735717773
2010-09-08,9.40770149230957
2010-09-09,9.426687240600586
2010-09-10,9.643085479736328
2010-09-13,9.775960922241211
2010-09-14,9.787352561950684
2010-09-15,9.775960922241211
2010-09-16,9.768366813659668
2010-09-17,9.692436218261719
2010-09-20,9.977173805236816
2010-09-21,9.931614875793457
2010-09-22,9.84429931640625
2010-09-23,9.662065505981445
2010-09-24,9.9202299118042
2010-09-27,9.92782211303711
2010-09-28,9.924022674560547
2010-09-29,9.794939041137695
2010-09-30,9.700028419494629
2010-10-01,9.848091125488281
2010-10-04,9.753182411193848
2010-10-05,9.965784072875977
2010-10-06,9.908835411071777
2010-10-07,9.897445678710938
2010-10-08,9.897445678710938
2010-10-11,9.867076873779297
2010-10-12,10.303670883178711
2010-10-13,10.349226951599121
2010-10-14,10.413769721984863
2010-10-15,10.455534934997559
2010-10-18,10.383398056030273
2010-10-19,10.280893325805664
2010-10-20,10.421363830566406
2010-10-21,10.360617637634277
2010-10-22,10.816198348999023
2010-10-25,10.778231620788574
2010-10-26,10.831382751464844
2010-10-27,10.728880882263184
2010-10-28,10.717490196228027
2010-10-29,10.8427734375
2010-11-01,10.93768310546875
2010-11-02,10.964261054992676
2010-11-03,11.047782897949219
2010-11-04,11.29455280303955
2010-11-05,11.719761848449707
2010-11-08,11.628646850585938
2010-11-09,11.454005241394043
2010-11-10,11.567904472351074
2010-11-11,11.670405387878418
2010-11-12,11.461600303649902
2010-11-15,11.6893892288208
2010-11-16,11.37675952911377
2010-11-17,11.433945655822754
2010-11-18,11.658889770507812
2010-11-19,11.727519035339355
2010-11-22,11.769454002380371
2010-11-23,11.590262413024902
2010-11-24,12.002022743225098
2010-11-26,11.872395515441895
2010-11-29,11.73895263671875
2010-11-30,11.666513442993164
2010-12-01,12.085901260375977
2010-12-02,12.490033149719238
2010-12-03,12.474782943725586
2010-12-06,12.474782943725586
2010-12-07,12.497658729553223
2010-12-08,12.42141056060791
2010-12-09,12.352784156799316
2010-12-10,12.425222396850586
2010-12-13,12.196466445922852
2010-12-14,12.242218017578125
2010-12-15,12.150713920593262
2010-12-16,12.425222396850586
2010-12-17,12.501473426818848
2010-12-20,12.554847717285156
2010-12-21,12.52816104888916
2010-12-22,12.554847717285156
2010-12-23,12.440467834472656
2010-12-27,12.379467964172363
2010-12-28,12.348965644836426
2010-12-29,12.394718170166016
2010-12-30,12.356593132019043
2010-12-31,12.249842643737793
2011-01-03,12.676847457885742
2011-01-04,12.383284568786621
2011-01-05,12.333715438842773
2011-01-06,12.185028076171875
2011-01-07,12.497658729553223
2011-01-10,12.493846893310547
2011-01-11,12.299402236938477
2011-01-12,12.276529312133789
2011-01-13,12.356593132019043
2011-01-14,12.467159271240234
2011-01-18,12.581534385681152
2011-01-19,12.585350036621094
2011-01-20,12.650161743164062
2011-01-21,12.657788276672363
2011-01-24,12.768352508544922
2011-01-25,12.829355239868164
2011-01-26,12.608223915100098
2011-01-27,12.592973709106445
2011-01-28,12.097338676452637
2011-01-31,12.021087646484375
2011-02-01,12.295595169067383
2011-02-02,12.276529312133789
2011-02-03,12.337530136108398
2011-02-04,12.42141056060791
2011-02-07,12.38312816619873
2011-02-08,12.677874565124512
2011-02-09,12.62811279296875
2011-02-10,12.693183898925781
2011-02-11,12.765913963317871
2011-02-14,12.85395622253418
2011-02-15,12.700844764709473
2011-02-16,12.850131034851074
2011-02-17,12.823331832885742
2011-02-18,13.014721870422363
2011-02-22,12.543898582458496
2011-02-23,12.214702606201172
2011-02-24,12.214702606201172
2011-02-25,12.44054889678955
2011-02-28,12.624286651611328
2011-03-01,12.398442268371582
2011-03-02,12.333366394042969
2011-03-03,12.635764122009277
2011-03-04,12.677874565124512
2011-03-07,12.861612319946289
2011-03-08,13.0185546875
2011-03-09,13.221427917480469
2011-03-10,14.534392356872559
2011-03-11,13.99465560913086
2011-03-14,13.67694091796875
2011-03-15,13.673116683959961
2011-03-16,13.397512435913086
2011-03-17,13.431961059570312
2011-03-18,13.38219928741455
2011-03-21,13.5161771774292
2011-03-22,13.378372192382812
2011-03-23,14.044416427612305
2011-03-24,14.385101318359375
2011-03-25,14.124800682067871
2011-03-28,14.117145538330078
2011-03-29,14.10949420928955
2011-03-30,14.055900573730469
2011-03-31,14.143945693969727
2011-04-01,14.25877857208252
2011-04-04,14.059732437133789
2011-04-05,13.933411598205566
2011-04-06,13.929585456848145
2011-04-07,13.742020606994629
2011-04-08,13.692255973815918
2011-04-11,13.585078239440918
2011-04-12,13.692255973815918
2011-04-13,13.707573890686035
2011-04-14,13.768815040588379
2011-04-15,13.925759315490723
2011-04-18,13.707573890686035
2011-04-19,13.84154987335205
2011-04-20,14.120979309082031
2011-04-21,14.163084983825684
2011-04-25,14.113319396972656
2011-04-26,14.00997257232666
2011-04-27,14.235811233520508
2011-04-28,14.117145538330078
2011-04-29,13.856854438781738
2011-05-02,14.040596008300781
2011-05-03,13.895133972167969
2011-05-04,13.998485565185547
2011-05-05,13.971692085266113
2011-05-06,13.983174324035645
2011-05-09,13.875611305236816
2011-05-10,13.91787052154541
2011-05-11,13.748841285705566
2011-05-12,14.002381324768066
2011-05-13,13.88713550567627
2011-05-16,13.50682544708252
2011-05-17,13.56060791015625
2011-05-18,14.063847541809082
2011-05-19,14.26744556427002
2011-05-20,14.063847541809082
2011-05-23,13.998539924621582
2011-05-24,13.940919876098633
2011-05-25,13.875611305236816
2011-05-26,13.998539924621582
2011-05-27,14.006224632263184
2011-05-31,14.1329927444458
2011-06-01,13.821829795837402
2011-06-02,13.798778533935547
2011-06-03,13.50682544708252
2011-06-06,13.729629516601562
2011-06-07,13.80262279510498
2011-06-08,13.729629516601562
2011-06-09,13.648959159851074
2011-06-10,13.491453170776367
2011-06-13,13.406949043273926
2011-06-14,13.549080848693848
2011-06-15,13.391581535339355
2011-06-16,13.499141693115234
2011-06-17,13.614389419555664
2011-06-20,13.76421070098877
2011-06-21,14.10994815826416
2011-06-22,14.32122802734375
2011-06-23,14.494098663330078
2011-06-24,14.348119735717773
2011-06-27,14.593979835510254
2011-06-28,15.078008651733398
2011-06-29,15.147161483764648
2011-06-30,15.170214653015137
2011-07-01,15.439115524291992
2011-07-05,15.73106861114502
2011-07-06,15.527463912963867
2011-07-07,15.489060401916504
2011-07-08,15.500578880310059
2011-07-11,15.26624584197998
2011-07-12,15.200934410095215
2011-07-13,15.204779624938965
2011-07-14,15.031917572021484
2011-07-15,15.289294242858887
2011-07-18,15.135634422302246
2011-07-19,15.489060401916504
2011-07-20,15.300817489624023
2011-07-21,15.512104034423828
2011-07-22,15.500578880310059
2011-07-25,15.519784927368164
2011-07-26,15.435269355773926
2011-07-27,14.970450401306152
2011-07-28,15.358443260192871
2011-07-29,15.400701522827148
2011-08-01,15.289294242858887
2011-08-02,14.83215618133545
2011-08-03,15.089531898498535
2011-08-04,14.175251007080078
2011-08-05,14.106101989746094
2011-08-08,13.126885414123535
2011-08-09,13.89406681060791
2011-08-10,13.400601387023926
2011-08-11,14.306571006774902
2011-08-12,14.402948379516602
2011-08-15,14.811601638793945
2011-08-16,14.992802619934082
2011-08-17,14.91954231262207
2011-08-18,13.396748542785645
2011-08-19,13.531679153442383
2011-08-22,13.45071792602539
2011-08-23,14.160074234008789
2011-08-24,14.40680980682373
2011-08-25,14.04056453704834
2011-08-26,14.414519309997559
2011-08-29,14.668960571289062
2011-08-30,14.842440605163574
2011-08-31,14.888702392578125
2011-09-01,14.72293472290039
2011-09-02,14.453071594238281
2011-09-06,14.553301811218262
2011-09-07,15.104594230651855
2011-09-08,15.004356384277344
2011-09-09,14.383681297302246
2011-09-12,14.514756202697754
2011-09-13,14.72293472290039
2011-09-14,14.861719131469727
2011-09-15,15.062190055847168
2011-09-16,15.1123046875
2011-09-19,15.86792278289795
2011-09-20,15.837082862854004
2011-09-21,15.38216495513916
2011-09-22,14.884856224060059
2011-09-23,14.923401832580566
2011-09-26,15.224103927612305
2011-09-27,15.362889289855957
2011-09-28,15.200968742370605
2011-09-29,14.71522045135498
2011-09-30,14.375967979431152
2011-10-03,13.955750465393066
2011-10-04,14.360544204711914
2011-10-05,14.668960571289062
2011-10-06,14.842440605163574
2011-10-07,15.135435104370117
2011-10-10,15.775398254394531
2011-10-11,15.933462142944336
2011-10-12,16.00284767150879
2011-10-13,15.840934753417969
2011-10-14,16.276567459106445
2011-10-17,15.86792278289795
2011-10-18,16.3652400970459
2011-10-19,15.775398254394531
2011-10-20,15.802384376525879
2011-10-21,16.22645378112793
2011-10-24,16.39992904663086
2011-10-25,15.914178848266602
2011-10-26,15.96044635772705
2011-10-27,16.6042537689209
2011-10-28,16.384510040283203
2011-10-31,16.330541610717773
2011-11-01,15.894908905029297
2011-11-02,15.875635147094727
2011-11-03,15.96044635772705
2011-11-04,17.036029815673828
2011-11-07,17.051454544067383
2011-11-08,17.101572036743164
2011-11-09,16.55799102783203
2011-11-10,16.777746200561523
2011-11-11,17.093868255615234
2011-11-14,16.824005126953125
2011-11-15,17.040739059448242
2011-11-16,16.649845123291016
2011-11-17,16.266693115234375
2011-11-18,16.262813568115234
2011-11-21,16.1312255859375
2011-11-22,16.363447189331055
2011-11-23,15.96480941772461
2011-11-25,15.806131362915039
2011-11-28,16.197017669677734
2011-11-29,16.33635711669922
2011-11-30,16.827878952026367
2011-12-01,16.87044906616211
2011-12-02,16.994295120239258
2011-12-05,17.106534957885742
2011-12-06,16.924625396728516
2011-12-07,16.98267936706543
2011-12-08,16.587913513183594
2011-12-09,17.013643264770508
2011-12-12,17.02912712097168
2011-12-13,16.878189086914062
2011-12-14,16.676939010620117
2011-12-15,16.796916961669922
2011-12-16,16.827878952026367
2011-12-19,16.882057189941406
2011-12-20,17.439374923706055
2011-12-21,17.50904083251953
2011-12-22,17.416154861450195
2011-12-23,17.59031867980957
2011-12-27,17.779956817626953
2011-12-28,17.71803855895996
2011-12-29,17.97734260559082
2011-12-30,17.807050704956055
2012-01-03,17.528392791748047
2012-01-04,17.868972778320312
2012-01-05,17.942508697509766
2012-01-06,18.08183479309082
2012-01-09,18.031524658203125
2012-01-10,18.120542526245117
2012-01-11,18.236648559570312
2012-01-12,18.42241668701172
2012-01-13,18.32952880859375
2012-01-17,18.464990615844727
2012-01-18,18.592714309692383
2012-01-19,18.58497428894043
2012-01-20,18.635284423828125
2012-01-23,18.321796417236328
2012-01-24,18.441770553588867
2012-01-25,18.48821258544922
2012-01-26,18.708820343017578
2012-01-27,18.5191707611084
2012-01-30,18.763010025024414
2012-01-31,18.5462646484375
2012-02-01,18.670114517211914
2012-02-02,18.44564437866211
2012-02-03,18.701080322265625
2012-02-06,18.755456924438477
2012-02-07,18.80205535888672
2012-02-08,18.922462463378906
2012-02-09,19.1088924407959
2012-02-10,18.961301803588867
2012-02-13,19.128313064575195
2012-02-14,19.077817916870117
2012-02-15,18.829252243041992
2012-02-16,18.844778060913086
2012-02-17,18.817594528198242
2012-02-21,18.743799209594727
2012-02-22,18.770986557006836
2012-02-23,18.82147979736328
2012-02-24,18.759336471557617
2012-02-27,18.73215675354004
2012-02-28,18.996261596679688
2012-02-29,18.86031723022461
2012-03-01,18.918581008911133
2012-03-02,18.988487243652344
2012-03-05,19.046749114990234
2012-03-06,18.770986557006836
2012-03-07,19.22153091430664
2012-03-08,19.563310623168945
2012-03-09,20.13425064086914
2012-03-12,19.850717544555664
2012-03-13,20.328439712524414
2012-03-14,20.460494995117188
2012-03-15,20.611967086791992
2012-03-16,20.666343688964844
2012-03-19,20.798402786254883
2012-03-20,20.86830711364746
2012-03-21,20.899375915527344
2012-03-22,21.443132400512695
2012-03-23,21.497501373291016
2012-03-26,21.715002059936523
2012-03-27,21.850936889648438
2012-03-28,21.76160430908203
2012-03-29,21.645092010498047
2012-03-30,21.707237243652344
2012-04-02,22.010177612304688
2012-04-03,22.1033992767334
2012-04-04,22.122817993164062
2012-04-05,22.596654891967773
2012-04-09,22.301471710205078
2012-04-10,22.05290412902832
2012-04-11,23.027767181396484
2012-04-12,23.54820442199707
2012-04-13,23.9521427154541
2012-04-16,23.167591094970703
2012-04-17,22.783079147338867
2012-04-18,23.43169403076172
2012-04-19,22.841337203979492
2012-04-20,22.977279663085938
2012-04-23,22.74424171447754
2012-04-24,22.54616355895996
2012-04-25,23.109325408935547
2012-04-26,23.55986213684082
2012-04-27,22.30535125732422
2012-04-30,22.282054901123047
2012-05-01,22.394683837890625
2012-05-02,22.495668411254883
2012-05-03,22.002408981323242
2012-05-04,21.579059600830078
2012-05-07,21.614124298095703
2012-05-08,21.11156463623047
2012-05-09,21.076501846313477
2012-05-10,21.368694305419922
2012-05-11,21.43101692199707
2012-05-14,20.908981323242188
2012-05-15,20.780410766601562
2012-05-16,20.6557559967041
2012-05-17,20.129810333251953
2012-05-18,20.07526397705078
2012-05-21,20.92066764831543
2012-05-22,20.792098999023438
2012-05-23,21.540098190307617
2012-05-24,21.33362579345703
2012-05-25,21.255712509155273
2012-05-29,21.653091430664062
2012-05-30,21.321937561035156
2012-05-31,21.38426971435547
2012-06-01,20.316810607910156
2012-06-04,20.998586654663086
2012-06-05,20.41810417175293
2012-06-06,20.8310604095459
2012-06-07,20.819372177124023
2012-06-08,20.87781524658203
2012-06-11,20.58173370361328
2012-06-12,20.663545608520508
2012-06-13,19.973974227905273
2012-06-14,20.386934280395508
2012-06-15,20.468751907348633
2012-06-18,21.107662200927734
2012-06-19,21.473876953125
2012-06-20,21.676454544067383
2012-06-21,21.0648136138916
2012-06-22,21.286876678466797
2012-06-25,20.76093292236328
2012-06-26,21.018070220947266
2012-06-27,20.550561904907227
2012-06-28,20.293434143066406
2012-06-29,20.77262306213379
2012-07-02,20.56614875793457
2012-07-03,20.235000610351562
2012-07-05,20.414209365844727
2012-07-06,20.246681213378906
2012-07-09,20.410308837890625
2012-07-10,20.390832901000977
2012-07-11,20.320711135864258
2012-07-12,20.523290634155273
2012-07-13,20.885604858398438
2012-07-16,20.609006881713867
2012-07-17,20.93235206604004
2012-07-18,20.764835357666016
2012-07-19,21.115459442138672
2012-07-20,20.242788314819336
2012-07-23,19.71295928955078
2012-07-24,19.666208267211914
2012-07-25,19.63893699645996
2012-07-26,20.414209365844727
2012-07-27,18.493558883666992
2012-07-30,18.263700485229492
2012-07-31,17.64036750793457
2012-08-01,17.055986404418945
2012-08-02,16.814455032348633
2012-08-03,17.10663604736328
2012-08-06,17.00495147705078
2012-08-07,17.720661163330078
2012-08-08,17.712846755981445
2012-08-09,17.64244842529297
2012-08-10,17.82235336303711
2012-08-13,18.033546447753906
2012-08-14,18.158693313598633
2012-08-15,18.81182289123535
2012-08-16,18.929157257080078
2012-08-17,18.858760833740234
2012-08-20,18.792274475097656
2012-08-21,18.80791664123535
2012-08-22,18.81964874267578
2012-08-23,18.733612060546875
2012-08-24,19.046491622924805
2012-08-27,19.218576431274414
2012-08-28,19.304609298706055
2012-08-29,19.230297088623047
2012-08-30,19.441497802734375
2012-08-31,19.402389526367188
2012-09-04,19.363279342651367
2012-09-05,19.4766902923584
2012-09-06,19.883438110351562
2012-09-07,20.01249122619629
2012-09-10,19.879533767700195
2012-09-11,19.840415954589844
2012-09-12,20.01249122619629
2012-09-13,20.22760009765625
2012-09-14,19.734821319580078
2012-09-17,19.421939849853516
2012-09-18,19.261585235595703
2012-09-19,19.597942352294922
2012-09-20,20.020320892333984
2012-09-21,19.973390579223633
2012-09-24,20.008596420288086
2012-09-25,19.762195587158203
2012-09-26,19.594022750854492
2012-09-27,19.961660385131836
2012-09-28,19.832595825195312
2012-10-01,19.61358070373535
2012-10-02,19.28114891052246
2012-10-03,19.355449676513672
2012-10-04,19.20292091369629
2012-10-05,19.062131881713867
2012-10-08,19.06995391845703
2012-10-09,18.51850128173828
2012-10-10,18.362060546875
2012-10-11,18.444194793701172
2012-10-12,18.45201301574707
2012-10-15,18.643648147583008
2012-10-16,19.14817237854004
2012-10-17,18.925241470336914
2012-10-18,18.541967391967773
2012-10-19,17.869281768798828
2012-10-22,17.716758728027344
2012-10-23,17.587690353393555
2012-10-24,17.701107025146484
2012-10-25,18.08829116821289
2012-10-26,17.93968391418457
2012-10-31,17.95140838623047
2012-11-01,18.232995986938477
2012-11-02,19.883438110351562
2012-11-05,19.949918746948242
2012-11-06,20.223691940307617
2012-11-07,20.262800216674805
2012-11-08,19.891258239746094
2012-11-09,19.930368423461914
2012-11-12,19.820859909057617
2012-11-13,19.75802993774414
2012-11-14,19.180723190307617
2012-11-15,19.01970100402832
2012-11-16,19.1492977142334
2012-11-19,19.53417205810547
2012-11-20,19.65984535217285
2012-11-21,19.836570739746094
2012-11-23,20.10362434387207
2012-11-26,19.98580551147461
2012-11-27,19.718748092651367
2012-11-28,20.174312591552734
2012-11-29,20.343183517456055
2012-11-30,20.37067222595215
2012-12-03,20.339250564575195
2012-12-04,20.07613182067871
2012-12-05,19.946533203125
2012-12-06,21.089366912841797
2012-12-07,21.065805435180664
2012-12-10,20.798751831054688
2012-12-11,20.889076232910156
2012-12-12,21.050092697143555
2012-12-13,20.88515281677246
2012-12-14,20.955842971801758
2012-12-17,21.434961318969727
2012-12-18,21.340709686279297
2012-12-19,21.313217163085938
2012-12-20,21.289661407470703
2012-12-21,21.050092697143555
2012-12-24,21.085437774658203
2012-12-26,20.86551284790039
2012-12-27,20.908708572387695
2012-12-28,20.673078536987305
2012-12-31,21.061872482299805
2013-01-02,21.599899291992188
2013-01-03,21.745216369628906
2013-01-04,21.87088966369629
2013-01-07,21.88266372680664
2013-01-08,21.84339714050293
2013-01-09,21.454599380493164
2013-01-10,21.419260025024414
2013-01-11,21.60382843017578
2013-01-14,21.470308303833008
2013-01-15,21.395692825317383
2013-01-16,21.34463119506836
2013-01-17,21.403547286987305
2013-01-18,21.525285720825195
2013-01-22,21.595975875854492
2013-01-23,21.387834548950195
2013-01-24,21.431028366088867
2013-01-25,22.310741424560547
2013-01-28,22.000490188598633
2013-01-29,21.835538864135742
2013-01-30,21.99263572692871
2013-01-31,22.039756774902344
2013-02-01,22.33038330078125
2013-02-04,22.027976989746094
2013-02-05,22.154123306274414
2013-02-06,22.094993591308594
2013-02-07,22.020095825195312
2013-02-08,22.22113609313965
2013-02-11,22.13046646118164
2013-02-12,22.177776336669922
2013-02-13,22.008264541625977
2013-02-14,21.897890090942383
2013-02-15,21.42091178894043
2013-02-19,21.46426773071289
2013-02-20,21.01487922668457
2013-02-21,21.030637741088867
2013-02-22,21.353893280029297
2013-02-25,20.975460052490234
2013-02-26,21.003047943115234
2013-02-27,21.511568069458008
2013-02-28,21.62195587158203
2013-03-01,21.629833221435547
2013-03-04,21.957019805908203
2013-03-05,22.27632713317871
2013-03-06,22.508907318115234
2013-03-07,22.96224021911621
2013-03-08,23.127798080444336
2013-03-11,23.104148864746094
2013-03-12,22.974063873291016
2013-03-13,23.096269607543945
2013-03-14,22.737546920776367
2013-03-15,22.729658126831055
2013-03-18,22.4418888092041
2013-03-19,22.4024715423584
2013-03-20,22.638988494873047
2013-03-21,22.489194869995117
2013-03-22,22.619281768798828
2013-03-25,22.347286224365234
2013-03-26,22.489194869995117
2013-03-27,22.434009552001953
2013-03-28,22.449777603149414
2013-04-01,22.41823959350586
2013-04-02,22.966175079345703
2013-04-03,22.74542808532715
2013-04-04,22.90704917907715
2013-04-05,22.784849166870117
2013-04-08,22.910991668701172
2013-04-09,22.63111114501953
2013-04-10,22.784849166870117
2013-04-11,23.092327117919922
2013-04-12,23.29336166381836
2013-04-15,22.749366760253906
2013-04-16,23.084444046020508
2013-04-17,22.93070411682129
2013-04-18,22.753307342529297
2013-04-19,23.02137565612793
2013-04-22,23.11598014831543
2013-04-23,23.411630630493164
2013-04-24,23.58506965637207
2013-04-25,23.84918785095215
2013-04-26,23.652082443237305
2013-04-29,23.880727767944336
2013-04-30,23.98321533203125
2013-05-01,23.707277297973633
2013-05-02,23.801889419555664
2013-05-03,24.389251708984375
2013-05-06,24.629711151123047
2013-05-07,24.598058700561523
2013-05-08,24.685083389282227
2013-05-09,24.665307998657227
2013-05-10,24.958003997802734
2013-05-13,24.847251892089844
2013-05-14,25.124120712280273
2013-05-15,25.341665267944336
2013-05-16,25.135984420776367
2013-05-17,25.365402221679688
2013-05-20,25.24673843383789
2013-05-21,25.412858963012695
2013-05-22,25.37331199645996
2013-05-23,25.124120712280273
2013-05-24,25.060834884643555
2013-05-28,25.41681480407715
2013-05-29,25.167631149291992
2013-05-30,25.10434913635254
2013-05-31,24.973819732666016
2013-06-03,25.10038948059082
2013-06-04,25.04897117614746
2013-06-05,24.65739631652832
2013-06-06,24.926362991333008
2013-06-07,25.72533416748047
2013-06-10,26.14855194091797
2013-06-11,25.875627517700195
2013-06-12,25.491962432861328
2013-06-13,26.093168258666992
2013-06-14,25.946826934814453
2013-06-17,26.116901397705078
2013-06-18,26.540124893188477
2013-06-19,26.267210006713867
2013-06-20,25.79652976989746
2013-06-21,25.586894989013672
2013-06-24,25.317934036254883
2013-06-25,25.606666564941406
2013-06-26,26.02593421936035
2013-06-27,25.982423782348633
2013-06-28,25.911224365234375
2013-07-01,26.199968338012695
2013-07-02,26.417510986328125
2013-07-03,26.619230270385742
2013-07-05,26.785354614257812
2013-07-08,27.010801315307617
2013-07-09,26.947521209716797
2013-07-10,26.935653686523438
2013-07-11,27.426118850708008
2013-07-12,27.5764102935791
2013-07-15,27.552688598632812
2013-07-16,27.497304916381836
2013-07-17,26.975204467773438
2013-07-18,27.085954666137695
2013-07-19,27.20857048034668
2013-07-22,27.29953956604004
2013-07-23,26.761621475219727
2013-07-24,26.3463134765625
2013-07-25,26.963336944580078
2013-07-26,29.016141891479492
2013-07-29,28.656213760375977
2013-07-30,28.450536727905273
2013-07-31,28.197399139404297
2013-08-01,29.06361198425293
2013-08-02,29.360258102416992
2013-08-05,29.257423400878906
2013-08-06,28.87663459777832
2013-08-07,28.634666442871094
2013-08-08,28.93216323852539
2013-08-09,28.87663459777832
2013-08-12,28.928194046020508
2013-08-13,28.81315803527832
2013-08-14,28.499805450439453
2013-08-15,28.05951690673828
2013-08-16,28.04761505126953
2013-08-19,27.88102149963379
2013-08-20,28.02778434753418
2013-08-21,28.04761505126953
2013-08-22,28.519638061523438
2013-08-23,28.547399520874023
2013-08-26,28.511709213256836
2013-08-27,27.829456329345703
2013-08-28,28.14677619934082
2013-08-29,28.234045028686523
2013-08-30,27.972246170043945
2013-09-03,28.4006404876709
2013-09-04,28.61483383178711
2013-09-05,28.579145431518555
2013-09-06,28.388736724853516
2013-09-09,28.73383331298828
2013-09-10,29.439876556396484
2013-09-11,29.903953552246094
2013-09-12,30.01502799987793
2013-09-13,29.975372314453125
2013-09-16,29.844470977783203
2013-09-17,30.161792755126953
2013-09-18,30.673484802246094
2013-09-19,30.284767150878906
2013-09-20,30.193540573120117
2013-09-23,29.89207649230957
2013-09-24,30.364086151123047
2013-09-25,30.280792236328125
2013-09-26,30.61399269104004
2013-09-27,30.673484802246094
2013-09-30,30.530677795410156
2013-10-01,30.606056213378906
2013-10-02,30.617952346801758
2013-10-03,30.491012573242188
2013-10-04,30.701248168945312
2013-10-07,30.487056732177734
2013-10-08,29.959510803222656
2013-10-09,29.852405548095703
2013-10-10,30.59019660949707
2013-10-11,30.867841720581055
2013-10-14,30.97891616821289
2013-10-15,30.42755126953125
2013-10-16,30.95511817932129
2013-10-17,31.232784271240234
2013-10-18,31.458858489990234
2013-10-21,31.518360137939453
2013-10-22,32.08955001831055
2013-10-23,31.752384185791016
2013-10-24,31.35575294494629
2013-10-25,31.716693878173828
2013-10-28,31.22088050842285
2013-10-29,31.581829071044922
2013-10-30,32.06178283691406
2013-10-31,32.149051666259766
2013-11-01,31.879316329956055
2013-11-04,31.879316329956055
2013-11-05,32.52190017700195
2013-11-06,32.180789947509766
2013-11-07,31.363672256469727
2013-11-08,32.20854187011719
2013-11-11,32.125247955322266
2013-11-12,32.07748794555664
2013-11-13,32.41572952270508
2013-11-14,32.288394927978516
2013-11-15,32.30830764770508
2013-11-18,32.04963684082031
2013-11-19,31.802919387817383
2013-11-20,31.71140480041504
2013-11-21,32.4435920715332
2013-11-22,32.37196731567383
2013-11-25,32.11728286743164
2013-11-26,32.43563461303711
2013-11-27,32.47940444946289
2013-11-29,32.41572952270508
2013-12-02,32.26054000854492
2013-12-03,32.053627014160156
2013-12-04,31.635793685913086
2013-12-05,31.723329544067383
2013-12-06,31.810880661010742
2013-12-09,31.727310180664062
2013-12-10,30.792156219482422
2013-12-11,30.402202606201172
2013-12-12,30.434040069580078
2013-12-13,30.382295608520508
2013-12-16,30.426076889038086
2013-12-17,30.278833389282227
2013-12-18,30.911540985107422
2013-12-19,30.700645446777344
2013-12-20,30.903600692749023
2013-12-23,31.166221618652344
2013-12-24,31.265718460083008
2013-12-26,31.389074325561523
2013-12-27,31.265718460083008
2013-12-30,31.25775718688965
2013-12-31,31.194091796875
2014-01-02,30.708600997924805
2014-01-03,30.621044158935547
2014-01-06,30.3106689453125
2014-01-07,30.724517822265625
2014-01-08,31.05083465576172
2014-01-09,30.87972068786621
2014-01-10,30.907567977905273
2014-01-13,29.892837524414062
2014-01-14,30.028139114379883
2014-01-15,30.318622589111328
2014-01-16,29.960481643676758
2014-01-17,29.80528450012207
2014-01-21,29.30786895751953
2014-01-22,29.28797721862793
2014-01-23,29.204416275024414
2014-01-24,29.837141036987305
2014-01-27,29.530712127685547
2014-01-28,29.403379440307617
2014-01-29,28.476192474365234
2014-01-30,28.6154727935791
2014-01-31,28.301105499267578
2014-02-03,27.445537567138672
2014-02-04,28.220449447631836
2014-02-05,28.15654182434082
2014-02-06,28.90349769592285
2014-02-07,29.57456398010254
2014-02-10,29.878141403198242
2014-02-11,29.758285522460938
2014-02-12,29.522626876831055
2014-02-13,29.834197998046875
2014-02-14,29.970006942749023
2014-02-18,29.546594619750977
2014-02-19,29.286958694458008
2014-02-20,29.37883758544922
2014-02-21,28.983381271362305
2014-02-24,28.983381271362305
2014-02-25,28.180511474609375
2014-02-26,28.67182731628418
2014-02-27,28.83558464050293
2014-02-28,28.344274520874023
2014-03-03,28.148561477661133
2014-03-04,28.623886108398438
2014-03-05,28.480098724365234
2014-03-06,29.035314559936523
2014-03-07,29.187091827392578
2014-03-10,29.382823944091797
2014-03-11,29.970006942749023
2014-03-12,30.20966339111328
2014-03-13,29.730331420898438
2014-03-14,29.66641616821289
2014-03-17,29.630475997924805
2014-03-18,29.79823875427246
2014-03-19,30.321502685546875
2014-03-20,30.740924835205078
2014-03-21,30.64106559753418
2014-03-24,30.265588760375977
2014-03-25,29.80223274230957
2014-03-26,29.374847412109375
2014-03-27,29.318912506103516
2014-03-28,29.438735961914062
2014-03-31,29.310922622680664
2014-04-01,29.562570571899414
2014-04-02,29.4267578125
2014-04-03,29.195083618164062
2014-04-04,28.579946517944336
2014-04-07,28.13257598876953
2014-04-08,28.551992416381836
2014-04-09,28.951427459716797
2014-04-10,28.048690795898438
2014-04-11,27.453533172607422
2014-04-14,27.685205459594727
2014-04-15,27.517436981201172
2014-04-16,28.276369094848633
2014-04-17,28.020729064941406
2014-04-21,28.152542114257812
2014-04-22,28.4201717376709
2014-04-23,28.116596221923828
2014-04-24,28.396207809448242
2014-04-25,28.54001235961914
2014-04-28,28.332300186157227
2014-04-29,28.216461181640625
2014-04-30,28.208471298217773
2014-05-01,28.40818977355957
2014-05-02,28.20047950744629
2014-05-05,28.328304290771484
2014-05-06,27.89531898498535
2014-05-07,27.959470748901367
2014-05-08,27.89531898498535
2014-05-09,28.179960250854492
2014-05-12,28.524751663208008
2014-05-13,28.528757095336914
2014-05-14,28.13185691833496
2014-05-15,28.003572463989258
2014-05-16,28.44055938720703
2014-05-19,28.472623825073242
2014-05-20,28.155914306640625
2014-05-21,28.22406005859375
2014-05-22,28.624977111816406
2014-05-23,28.857492446899414
2014-05-27,29.53102684020996
2014-05-28,29.374679565429688
2014-05-29,29.31052589416504
2014-05-30,29.36264991760254
2014-06-02,29.60720443725586
2014-06-03,29.739503860473633
2014-06-04,29.935962677001953
2014-06-05,29.956005096435547
2014-06-06,30.20055389404297
2014-06-09,30.140411376953125
2014-06-10,29.907882690429688
2014-06-11,29.988079071044922
2014-06-12,29.65131187438965
2014-06-13,29.943973541259766
2014-06-16,30.104324340820312
2014-06-17,30.192537307739258
2014-06-18,30.292755126953125
2014-06-19,30.962278366088867
2014-06-20,30.709712982177734
2014-06-23,30.761831283569336
2014-06-24,31.04245376586914
2014-06-25,31.319095611572266
2014-06-26,31.295040130615234
2014-06-27,31.24694061279297
2014-06-30,31.022424697875977
2014-07-01,31.303064346313477
2014-07-02,31.347156524658203
2014-07-03,31.695938110351562
2014-07-07,31.547618865966797
2014-07-08,31.4954891204834
2014-07-09,31.852298736572266
2014-07-10,31.61176300048828
2014-07-11,31.511547088623047
2014-07-14,31.4954891204834
2014-07-15,31.62779426574707
2014-07-16,31.563648223876953
2014-07-17,30.966285705566406
2014-07-18,31.24694061279297
2014-07-21,31.114622116088867
2014-07-22,31.567646026611328
2014-07-23,31.728015899658203
2014-07-24,32.25321578979492
2014-07-25,31.567646026611328
2014-07-28,31.415300369262695
2014-07-29,31.531579971313477
2014-07-30,31.63180160522461
2014-07-31,31.1426944732666
2014-08-01,30.862045288085938
2014-08-04,31.082544326782227
2014-08-05,30.889469146728516
2014-08-06,31.026235580444336
2014-08-07,30.857297897338867
2014-08-08,31.223344802856445
2014-08-11,31.323915481567383
2014-08-12,31.303802490234375
2014-08-13,31.070480346679688
2014-08-14,30.821088790893555
2014-08-15,30.9377384185791
2014-08-18,31.211280822753906
2014-08-19,31.424476623535156
2014-08-20,31.388275146484375
2014-08-21,31.16299819946289
2014-08-22,31.08658218383789
2014-08-25,31.364145278930664
2014-08-26,31.291719436645508
2014-08-27,31.344030380249023
2014-08-28,31.299774169921875
2014-08-29,31.299774169921875
2014-09-02,31.16701889038086
2014-09-03,30.889469146728516
2014-09-04,31.038307189941406
2014-09-05,31.356082916259766
2014-09-08,31.24345588684082
2014-09-09,31.0222225189209
2014-09-10,31.05841827392578
2014-09-11,30.61995506286621
2014-09-12,30.358495712280273
2014-09-15,30.137239456176758
2014-09-16,30.20562171936035
2014-09-17,30.306180953979492
2014-09-18,30.46307373046875
2014-09-19,30.599843978881836
2014-09-22,30.00851821899414
2014-09-23,29.751079559326172
2014-09-24,30.298145294189453
2014-09-25,29.815431594848633
2014-09-26,30.237810134887695
2014-09-29,30.278039932250977
2014-09-30,30.354473114013672
2014-10-01,30.012542724609375
2014-10-02,29.94818878173828
2014-10-03,30.527446746826172
2014-10-06,30.229766845703125
2014-10-07,29.78727912902832
2014-10-08,30.274017333984375
2014-10-09,29.960254669189453
2014-10-10,29.95221519470215
2014-10-13,29.03907012939453
2014-10-14,29.260318756103516
2014-10-15,29.115501403808594
2014-10-16,29.220090866088867
2014-10-17,29.582138061523438
2014-10-20,30.048749923706055
2014-10-21,29.911975860595703
2014-10-22,30.00851821899414
2014-10-23,30.105052947998047
2014-10-24,30.495256423950195
2014-10-27,30.559619903564453
2014-10-28,30.994060516357422
2014-10-29,30.788904190063477
2014-10-30,31.102672576904297
2014-10-31,30.394683837890625
2014-11-03,30.611919403076172
2014-11-04,30.857297897338867
2014-11-05,30.837175369262695
2014-11-06,31.154966354370117
2014-11-07,31.291719436645508
2014-11-10,31.364437103271484
2014-11-11,31.39674186706543
2014-11-12,31.445222854614258
2014-11-13,31.46137809753418
2014-11-14,31.554279327392578
2014-11-17,31.437135696411133
2014-11-18,31.332103729248047
2014-11-19,31.43310546875
2014-11-20,31.586591720581055
2014-11-21,32.21670150756836
2014-11-24,32.523685455322266
2014-11-25,32.39845657348633
2014-11-26,32.19247817993164
2014-11-28,32.8023796081543
2014-12-01,32.656978607177734
2014-12-02,32.46309280395508
2014-12-03,32.50349807739258
2014-12-04,32.84278869628906
2014-12-05,33.75564193725586
2014-12-08,33.848541259765625
2014-12-09,33.53752517700195
2014-12-10,33.388084411621094
2014-12-11,33.573883056640625
2014-12-12,33.626399993896484
2014-12-15,32.67313003540039
2014-12-16,31.96223258972168
2014-12-17,32.491371154785156
2014-12-18,32.32576370239258
2014-12-19,32.08746337890625
2014-12-22,32.53176498413086
2014-12-23,32.8912467956543
2014-12-24,32.826622009277344
2014-12-26,33.052825927734375
2014-12-29,33.27497100830078
2014-12-30,33.03666687011719
2014-12-31,33.141685485839844
2015-01-02,32.89529037475586
2015-01-05,32.26518249511719
2015-01-06,32.00263214111328
2015-01-07,32.79027557373047
2015-01-08,33.31941604614258
2015-01-09,32.228824615478516
2015-01-12,32.40655517578125
2015-01-13,32.66504669189453
2015-01-14,32.483299255371094
2015-01-15,32.14401626586914
2015-01-16,32.56003189086914
2015-01-20,32.806434631347656
2015-01-21,32.83470916748047
2015-01-22,33.42039108276367
2015-01-23,35.63386154174805
2015-01-26,35.593482971191406
2015-01-27,35.682342529296875
2015-01-28,35.3713264465332
2015-01-29,35.96913528442383
2015-01-30,35.35517883300781
2015-02-02,35.54096984863281
2015-02-03,35.87338638305664
2015-02-04,35.958518981933594
2015-02-05,36.339595794677734
2015-02-06,36.08015441894531
2015-02-09,36.00716781616211
2015-02-10,36.963905334472656
2015-02-11,36.80580520629883
2015-02-12,37.227413177490234
2015-02-13,37.126068115234375
2015-02-17,37.30848693847656
2015-02-18,37.70174026489258
2015-02-19,37.7706413269043
2015-02-20,37.90848159790039
2015-02-23,37.936859130859375
2015-02-24,37.8841552734375
2015-02-25,38.2125244140625
2015-02-26,38.33008575439453
2015-02-27,37.90037536621094
2015-03-02,38.20037078857422
2015-03-03,38.107120513916016
2015-03-04,37.72605514526367
2015-03-05,37.957122802734375
2015-03-06,37.385520935058594
2015-03-09,37.71794128417969
2015-03-10,37.36929702758789
2015-03-11,37.06119155883789
2015-03-12,37.855770111083984
2015-03-13,37.81929016113281
2015-03-16,38.12738800048828
2015-03-17,38.265220642089844
2015-03-18,38.853057861328125
2015-03-19,39.63140869140625
2015-03-20,39.50979232788086
2015-03-23,39.473304748535156
2015-03-24,39.6962776184082
2015-03-25,38.82466506958008
2015-03-26,38.544944763183594
2015-03-27,38.54088592529297
2015-03-30,38.909793853759766
2015-03-31,38.39090347290039
2015-04-01,37.709842681884766
2015-04-02,38.265220642089844
2015-04-06,38.31791687011719
2015-04-07,38.13550567626953
2015-04-08,38.60576248168945
2015-04-09,38.885475158691406
2015-04-10,39.05575942993164
2015-04-13,39.323307037353516
2015-04-14,39.16114807128906
2015-04-15,39.03142547607422
2015-04-16,39.120609283447266
2015-04-17,38.60980987548828
2015-04-20,38.89358901977539
2015-04-21,39.21790313720703
2015-04-22,39.19356918334961
2015-04-23,40.07734680175781
2015-04-24,42.03134536743164
2015-04-27,41.2448616027832
2015-04-28,41.0340690612793
2015-04-29,41.066505432128906
2015-04-30,40.19896697998047
2015-05-01,40.774620056152344
2015-05-04,40.90435791015625
2015-05-05,40.18858337402344
2015-05-06,39.79816436767578
2015-05-07,40.13978958129883
2015-05-08,40.48954391479492
2015-05-11,40.26179122924805
2015-05-12,40.432579040527344
2015-05-13,40.334983825683594
2015-05-14,41.123958587646484
2015-05-15,41.31916427612305
2015-05-18,41.62825012207031
2015-05-19,41.82345199584961
2015-05-20,41.5062370300293
2015-05-21,41.750244140625
2015-05-22,41.872249603271484
2015-05-26,41.35169982910156
2015-05-27,41.96172332763672
2015-05-28,42.14066696166992
2015-05-29,42.262664794921875
2015-06-01,42.47415542602539
2015-06-02,42.07560348510742
2015-06-03,42.392818450927734
2015-06-04,42.06746292114258
2015-06-05,42.44974899291992
2015-06-08,41.912925720214844
2015-06-09,41.92107391357422
2015-06-10,42.85643005371094
2015-06-11,42.69376754760742
2015-06-12,42.807640075683594
2015-06-15,42.514827728271484
2015-06-16,43.084171295166016
2015-06-17,43.30378723144531
2015-06-18,44.011417388916016
2015-06-19,43.864994049072266
2015-06-22,43.840606689453125
2015-06-23,44.01955032348633
2015-06-24,43.68608474731445
2015-06-25,43.9788932800293
2015-06-26,44.42622756958008
2015-06-29,43.55591583251953
2015-06-30,43.61286926269531
2015-07-01,43.83246994018555
2015-07-02,44.117156982421875
2015-07-06,44.174095153808594
2015-07-07,44.23102569580078
2015-07-08,43.42580032348633
2015-07-09,43.962615966796875
2015-07-10,44.385562896728516
2015-07-13,45.30467224121094
2015-07-14,45.34534454345703
2015-07-15,45.011871337890625
2015-07-16,45.33721160888672
2015-07-17,45.29654312133789
2015-07-20,45.719505310058594
2015-07-21,45.71135711669922
2015-07-22,46.10990524291992
2015-07-23,46.00416946411133
2015-07-24,46.597930908203125
2015-07-27,46.345794677734375
2015-07-28,46.475921630859375
2015-07-29,46.77687072753906
2015-07-30,47.2242317199707
2015-07-31,47.118492126464844
2015-08-03,47.329959869384766
2015-08-04,47.87643814086914
2015-08-05,48.1292610168457
2015-08-06,46.67747116088867
2015-08-07,46.65300750732422
2015-08-10,45.89449691772461
2015-08-11,45.959739685058594
2015-08-12,45.98420333862305
2015-08-13,46.36753845214844
2015-08-14,46.57144546508789
2015-08-17,47.09343719482422
2015-08-18,47.16685485839844
2015-08-19,46.971099853515625
2015-08-20,45.519309997558594
2015-08-21,43.09693145751953
2015-08-24,41.05791473388672
2015-08-25,41.669612884521484
2015-08-26,44.01042938232422
2015-08-27,45.63349151611328
2015-08-28,45.372501373291016
2015-08-31,44.62214279174805
2015-09-01,43.63523483276367
2015-09-02,45.070716857910156
2015-09-03,44.605812072753906
2015-09-04,44.27142333984375
2015-09-08,45.029937744140625
2015-09-09,44.605812072753906
2015-09-10,45.160430908203125
2015-09-11,46.106544494628906
2015-09-14,45.91081619262695
2015-09-15,46.41647720336914
2015-09-16,46.701934814453125
2015-09-17,46.71825408935547
2015-09-18,46.35938262939453
2015-09-21,46.93031692504883
2015-09-22,46.58775329589844
2015-09-23,47.13422775268555
2015-09-24,47.60727310180664
2015-09-25,47.297340393066406
2015-09-28,45.486690521240234
2015-09-29,45.44590759277344
2015-09-30,46.35938262939453
2015-10-01,46.88136672973633
2015-10-02,47.37074661254883
2015-10-05,48.15373229980469
2015-10-06,47.8682746887207
2015-10-07,47.941673278808594
2015-10-08,48.49628829956055
2015-10-09,48.993804931640625
2015-10-12,49.37715148925781
2015-10-13,49.06722640991211
2015-10-14,47.97429656982422
2015-10-15,48.68387985229492
2015-10-16,48.8796272277832
2015-10-19,49.727867126464844
2015-10-20,49.65446472167969
2015-10-21,49.36900329589844
2015-10-22,50.15198516845703
2015-10-23,51.065467834472656
2015-10-26,51.73426818847656
2015-10-27,51.147029876708984
2015-10-28,51.79952621459961
2015-10-29,50.97575378417969
2015-10-30,51.03284454345703
2015-11-02,50.76369094848633
2015-11-03,51.220436096191406
2015-11-04,50.53532791137695
2015-11-05,50.79630661010742
2015-11-06,50.54347610473633
2015-11-09,50.191627502441406
2015-11-10,50.878971099853516
2015-11-11,50.625301361083984
2015-11-12,49.970699310302734
2015-11-13,48.88243103027344
2015-11-16,49.651573181152344
2015-11-17,49.54521179199219
2015-11-18,50.568023681640625
2015-11-19,50.28982162475586
2015-11-20,50.723514556884766
2015-11-23,51.25536346435547
2015-11-24,50.69895553588867
2015-11-25,50.887142181396484
2015-11-27,50.878971099853516
2015-11-30,50.2325325012207
2015-12-01,50.2161750793457
2015-12-02,50.09343719482422
2015-12-03,48.72696304321289
2015-12-04,50.527122497558594
2015-12-07,50.641666412353516
2015-12-08,50.86259078979492
2015-12-09,50.06071472167969
2015-12-10,50.625301361083984
2015-12-11,48.947879791259766
2015-12-14,49.02971649169922
2015-12-15,49.078800201416016
2015-12-16,49.38155746459961
2015-12-17,48.70240783691406
2015-12-18,47.96596145629883
2015-12-21,48.71876907348633
2015-12-22,49.08698272705078
2015-12-23,49.37337875366211
2015-12-24,49.35700988769531
2015-12-28,49.250633239746094
2015-12-29,50.01980209350586
2015-12-30,49.766136169433594
2015-12-31,49.119720458984375
2016-01-04,47.67140197753906
2016-01-05,47.99052047729492
2016-01-06,47.56504821777344
2016-01-07,46.38675308227539
2016-01-08,46.33766555786133
2016-01-11,47.3113899230957
2016-01-12,48.65330505371094
2016-01-13,47.35228729248047
2016-01-14,48.26054763793945
2016-01-15,47.45866394042969
2016-01-19,47.9087028503418
2016-01-20,46.57493591308594
2016-01-21,48.30146408081055
2016-01-22,48.416015625
2016-01-25,47.22136688232422
2016-01-26,47.95779800415039
2016-01-27,47.15591049194336
2016-01-28,48.51420974731445
2016-01-29,49.7252197265625
2016-02-01,50.240726470947266
2016-02-02,49.830257415771484
2016-02-03,48.86977767944336
2016-02-04,47.851829528808594
2016-02-05,44.73230743408203
2016-02-08,44.44497299194336
2016-02-09,44.674842834472656
2016-02-10,45.265899658203125
2016-02-11,45.08530807495117
2016-02-12,45.85698699951172
2016-02-16,46.30847930908203
2016-02-17,47.31002426147461
2016-02-18,46.76000213623047
2016-02-19,47.342857360839844
2016-02-22,48.32795715332031
2016-02-23,47.99138641357422
2016-02-24,47.704063415527344
2016-02-25,48.22944259643555
2016-02-26,47.89287185668945
2016-02-29,47.786163330078125
2016-03-01,49.28845977783203
2016-03-02,48.8943977355957
2016-03-03,48.46753692626953
2016-03-04,48.18840789794922
2016-03-07,47.61375045776367
2016-03-08,47.28538131713867
2016-03-09,46.850311279296875
2016-03-10,47.219730377197266
2016-03-11,47.27717971801758
2016-03-14,48.14735794067383
2016-03-15,48.5003662109375
2016-03-16,48.98469543457031
2016-03-17,48.88619613647461
2016-03-18,49.00932312011719
2016-03-21,48.516780853271484
2016-03-22,48.74663162231445
2016-03-23,48.29511260986328
2016-03-24,47.90929412841797
2016-03-28,48.4018440246582
2016-03-29,48.88619613647461
2016-03-30,49.26382064819336
2016-03-31,49.00932312011719
2016-04-01,50.09296798706055
2016-04-04,49.46084213256836
2016-04-05,49.28845977783203
2016-04-06,49.93697738647461
2016-04-07,50.216087341308594
2016-04-08,50.10938262939453
2016-04-11,49.99443817138672
2016-04-12,48.845149993896484
2016-04-13,49.42800521850586
2016-04-14,49.36234664916992
2016-04-15,49.67428207397461
2016-04-18,49.98624038696289
2016-04-19,49.99443817138672
2016-04-20,49.99443817138672
2016-04-21,49.781005859375
2016-04-22,47.3510627746582
2016-04-25,47.42493438720703
2016-04-26,47.383888244628906
2016-04-27,46.71074295043945
2016-04-28,46.31669235229492
2016-04-29,46.16071701049805
2016-05-02,47.088356018066406
2016-05-03,46.33870315551758
2016-05-04,46.45403289794922
2016-05-05,46.33870315551758
2016-05-06,46.38814163208008
2016-05-09,46.659976959228516
2016-05-10,47.3602180480957
2016-05-11,46.32221984863281
2016-05-12,46.37989807128906
2016-05-13,45.98447799682617
2016-05-16,45.74557876586914
2016-05-17,45.21010971069336
2016-05-18,45.144187927246094
2016-05-19,44.93824768066406
2016-05-20,44.99590301513672
2016-05-23,44.97943115234375
2016-05-24,45.67142105102539
2016-05-25,45.43252944946289
2016-05-26,45.54786682128906
2016-05-27,45.43252944946289
2016-05-31,45.21833038330078
2016-06-01,45.16067123413086
2016-06-02,44.99590301513672
2016-06-03,44.9876708984375
2016-06-06,45.79499435424805
2016-06-07,45.55609893798828
2016-06-08,45.49020004272461
2016-06-09,45.786746978759766
2016-06-10,45.20185852050781
2016-06-13,45.341915130615234
2016-06-14,45.77852249145508
2016-06-15,45.5972900390625
2016-06-16,45.74557876586914
2016-06-17,45.56433868408203
2016-06-20,45.62200164794922
2016-06-21,45.97624206542969
2016-06-22,45.81147766113281
2016-06-23,46.23985290527344
2016-06-24,45.04534149169922
2016-06-27,44.22977828979492
2016-06-28,45.185386657714844
2016-06-29,46.742366790771484
2016-06-30,47.05540466308594
2016-07-01,46.94831085205078
2016-07-05,46.767086029052734
2016-07-06,46.7506103515625
2016-07-07,46.882415771484375
2016-07-08,46.552886962890625
2016-07-11,46.39636993408203
2016-07-12,47.351985931396484
2016-07-13,46.52817153930664
2016-07-14,47.44259262084961
2016-07-15,47.2943229675293
2016-07-18,46.890655517578125
2016-07-19,46.75883865356445
2016-07-20,47.40141296386719
2016-07-21,47.45083236694336
2016-07-22,47.69796371459961
2016-07-25,47.73916244506836
2016-07-26,48.035736083984375
2016-07-27,47.65678024291992
2016-07-28,47.953365325927734
2016-07-29,47.82154846191406
2016-08-01,47.47555923461914
2016-08-02,46.89687728881836
2016-08-03,46.24380874633789
2016-08-04,45.81394577026367
2016-08-05,46.21074295043945
2016-08-08,45.764347076416016
2016-08-09,45.632076263427734
2016-08-10,45.97928237915039
2016-08-11,45.85527420043945
2016-08-12,45.85527420043945
2016-08-15,45.673404693603516
2016-08-16,45.77260208129883
2016-08-17,46.12807846069336
2016-08-18,45.904876708984375
2016-08-19,45.417144775390625
2016-08-22,46.16942596435547
2016-08-23,46.624088287353516
2016-08-24,47.194488525390625
2016-08-25,47.35981750488281
2016-08-26,47.35981750488281
2016-08-29,46.954750061035156
2016-08-30,46.624088287353516
2016-08-31,46.483543395996094
2016-09-01,46.549686431884766
2016-09-02,46.442222595214844
2016-09-06,46.30995559692383
2016-09-07,46.55793762207031
2016-09-08,45.714752197265625
2016-09-09,44.92940902709961
2016-09-12,45.22700500488281
2016-09-13,44.62354278564453
2016-09-14,44.55740737915039
2016-09-15,44.731014251708984
2016-09-16,44.425148010253906
2016-09-19,43.82167434692383
2016-09-20,44.061405181884766
2016-09-21,44.62354278564453
2016-09-22,44.96247482299805
2016-09-23,44.99554443359375
2016-09-26,44.67315673828125
2016-09-27,44.79714584350586
2016-09-28,44.62354278564453
2016-09-29,44.18541717529297
2016-09-30,44.75581741333008
2016-10-03,44.5078125
2016-10-04,44.25154495239258
2016-10-05,44.102745056152344
2016-10-06,43.929141998291016
2016-10-07,44.193668365478516
2016-10-10,44.061405181884766
2016-10-11,43.74727249145508
2016-10-12,43.945674896240234
2016-10-13,43.77207946777344
2016-10-14,43.87954330444336
2016-10-17,43.6150016784668
2016-10-18,43.491024017333984
2016-10-19,43.937408447265625
2016-10-20,44.30113983154297
2016-10-21,44.334205627441406
2016-10-24,44.788883209228516
2016-10-25,44.367271423339844
2016-10-26,44.334205627441406
2016-10-27,44.30113983154297
2016-10-28,44.25154495239258
2016-10-31,43.871273040771484
2016-11-01,43.400081634521484
2016-11-02,43.796875
2016-11-03,42.796607971191406
2016-11-04,43.60673141479492
2016-11-07,45.04515075683594
2016-11-08,45.15260314941406
2016-11-09,45.119537353515625
2016-11-10,44.28461456298828
2016-11-11,44.58221435546875
2016-11-14,44.82195281982422
2016-11-15,45.33684539794922
2016-11-16,46.04277038574219
2016-11-17,46.3832893371582
2016-11-18,46.31684494018555
2016-11-21,46.59090042114258
2016-11-22,47.438011169433594
2016-11-23,47.828346252441406
2016-11-25,47.69547653198242
2016-11-28,47.828346252441406
2016-11-29,48.3100471496582
2016-11-30,48.14392852783203
2016-12-01,48.59239959716797
2016-12-02,47.51274490356445
2016-12-05,47.753597259521484
2016-12-06,47.703765869140625
2016-12-07,48.80002975463867
2016-12-08,48.70866775512695
2016-12-09,48.79172134399414
2016-12-12,48.8083381652832
2016-12-13,49.256805419921875
2016-12-14,48.79172134399414
2016-12-15,47.92800521850586
2016-12-16,47.8864860534668
2016-12-19,47.87818145751953
2016-12-20,47.919700622558594
2016-12-21,47.703765869140625
2016-12-22,47.42971420288086
2016-12-23,47.34664535522461
2016-12-27,47.222084045410156
2016-12-28,46.798526763916016
2016-12-29,46.77360916137695
2016-12-30,46.10921096801758
2017-01-03,45.96803665161133
2017-01-04,46.499542236328125
2017-01-05,46.88988494873047
2017-01-06,47.44631576538086
2017-01-09,48.33495330810547
2017-01-10,48.06918716430664
2017-01-11,48.251895904541016
2017-01-12,48.19376754760742
2017-01-13,48.04426956176758
2017-01-17,48.1688346862793
2017-01-18,48.54257583618164
2017-01-19,48.077491760253906
2017-01-20,47.8864860534668
2017-01-23,47.96953582763672
2017-01-24,48.53426742553711
2017-01-25,48.750213623046875
2017-01-26,48.550880432128906
2017-01-27,46.60751724243164
2017-01-30,46.424800872802734
2017-01-31,45.86006164550781
2017-02-01,44.76380157470703
2017-02-02,44.738895416259766
2017-02-03,45.727195739746094
2017-02-06,46.28363037109375
2017-02-07,46.083396911621094
2017-02-08,46.06671142578125
2017-02-09,46.558921813964844
2017-02-10,46.900962829589844
2017-02-13,46.80918884277344
2017-02-14,47.201290130615234
2017-02-15,47.434871673583984
2017-02-16,47.32642364501953
2017-02-17,47.84364700317383
2017-02-21,48.00216293334961
2017-02-22,48.02718734741211
2017-02-23,48.08559036254883
2017-02-24,47.95210266113281
2017-02-27,47.368141174316406
2017-02-28,47.4432258605957
2017-03-01,47.66845703125
2017-03-02,47.651771545410156
2017-03-03,47.63508987426758
2017-03-06,47.28470993041992
2017-03-07,46.884273529052734
2017-03-08,46.500526428222656
2017-03-09,46.04169845581055
2017-03-10,45.4910888671875
2017-03-13,45.574520111083984
2017-03-14,45.27418518066406
2017-03-15,45.49943923950195
2017-03-16,45.716331481933594
2017-03-17,46.53389358520508
2017-03-20,46.558921813964844
2017-03-21,46.333675384521484
2017-03-22,46.62565994262695
2017-03-23,46.5922966003418
2017-03-24,47.393150329589844
2017-03-27,47.74353790283203
2017-03-28,47.84364700317383
2017-03-29,48.00216293334961
2017-03-30,48.51937484741211
2017-03-31,48.711265563964844
2017-04-03,48.752967834472656
2017-04-04,48.652862548828125
2017-04-05,48.56945037841797
2017-04-06,48.31916427612305
2017-04-07,48.402591705322266
2017-04-10,48.34418869018555
2017-04-11,48.28579330444336
2017-04-12,48.0355224609375
2017-04-13,47.97712326049805
2017-04-17,48.45264434814453
2017-04-18,48.67789077758789
2017-04-19,49.25352478027344
2017-04-20,50.12112045288086
2017-04-21,50.56326675415039
2017-04-24,50.98039627075195
2017-04-25,50.855247497558594
2017-04-26,51.35580062866211
2017-04-27,51.138893127441406
2017-04-28,50.10444259643555
2017-05-01,50.204551696777344
2017-05-02,50.471492767333984
2017-05-03,50.54659652709961
2017-05-04,50.746803283691406
2017-05-05,50.846923828125
2017-05-08,50.838565826416016
2017-05-09,51.08149337768555
2017-05-10,50.81342315673828
2017-05-11,50.48674392700195
2017-05-12,50.201942443847656
2017-05-15,50.63753128051758
2017-05-16,50.24382019042969
2017-05-17,50.03439712524414
2017-05-18,50.10979080200195
2017-05-19,51.399810791015625
2017-05-22,51.29090881347656
2017-05-23,51.22389602661133
2017-05-24,51.843780517578125
2017-05-25,52.6898307800293
2017-05-26,53.02490997314453
2017-05-30,52.99138641357422
2017-05-31,53.284584045410156
2017-06-01,53.401851654052734
2017-06-02,54.088748931884766
2017-06-05,53.83744430541992
2017-06-06,53.74530792236328
2017-06-07,53.19244384765625
2017-06-08,52.13697052001953
2017-06-09,52.09507751464844
2017-06-12,51.3411750793457
2017-06-13,51.0312385559082
2017-06-14,50.48674392700195
2017-06-15,50.33597183227539
2017-06-16,50.37785720825195
2017-06-19,51.01447677612305
2017-06-20,50.14330291748047
2017-06-21,50.227073669433594
2017-06-22,49.8501091003418
2017-06-23,50.101409912109375
2017-06-26,49.95900344848633
2017-06-27,49.3893928527832
2017-06-28,49.57368087768555
2017-06-29,48.886783599853516
2017-06-30,48.84490966796875
2017-07-03,48.79464340209961
2017-07-05,48.534950256347656
2017-07-06,48.25014877319336
2017-07-07,48.61872863769531
2017-07-10,48.426063537597656
2017-07-11,48.50144958496094
2017-07-12,49.03756332397461
2017-07-13,48.90354919433594
2017-07-14,49.22185516357422
2017-07-17,48.86166000366211
2017-07-18,48.76113510131836
2017-07-19,48.6773681640625
2017-07-20,48.610347747802734
2017-07-21,48.56846237182617
2017-07-24,48.60197067260742
2017-07-25,49.04594039916992
2017-07-26,48.534950256347656
2017-07-27,49.841739654541016
2017-07-28,45.2345085144043
2017-07-31,45.21776580810547
2017-08-01,45.84602355957031
2017-08-02,46.432395935058594
2017-08-03,46.641807556152344
2017-08-04,46.440765380859375
2017-08-07,46.59992980957031
2017-08-08,45.876277923583984
2017-08-09,45.219932556152344
2017-08-10,44.65615463256836
2017-08-11,44.74871063232422
2017-08-14,44.78237533569336
2017-08-15,44.72347640991211
2017-08-16,45.01799011230469
2017-08-17,44.630916595458984
2017-08-18,44.34482192993164
2017-08-21,44.72347640991211
2017-08-22,45.817378997802734
2017-08-23,45.50603485107422
2017-08-24,45.38822937011719
2017-08-25,45.74164581298828
2017-08-28,45.775306701660156
2017-08-29,45.52286911010742
2017-08-30,45.876277923583984
2017-08-31,46.16236877441406
2017-09-01,46.221275329589844
2017-09-05,46.38956069946289
2017-09-06,45.699562072753906
2017-09-07,44.99274826049805
2017-09-08,45.00957489013672
2017-09-11,45.45555114746094
2017-09-12,45.05164337158203
2017-09-13,45.6827507019043
2017-09-14,45.88468551635742
2017-09-15,46.00248718261719
2017-09-18,46.01932144165039
2017-09-19,45.96041488647461
2017-09-20,46.40638732910156
2017-09-21,46.28858947753906
2017-09-22,46.35591125488281
2017-09-25,46.23809814453125
2017-09-26,46.38956069946289
2017-09-27,46.271759033203125
2017-09-28,45.85944747924805
2017-09-29,45.1947021484375
2017-10-02,45.27883529663086
2017-10-03,45.43030548095703
2017-10-04,45.37981414794922
2017-10-05,45.94358825683594
2017-10-06,46.423213958740234
2017-10-09,46.29698944091797
2017-10-10,46.63357925415039
2017-10-11,46.818702697753906
2017-10-12,47.09640121459961
2017-10-13,46.88603210449219
2017-10-16,46.2044563293457
2017-10-17,45.867862701416016
2017-10-18,46.456878662109375
2017-10-19,46.616756439208984
2017-10-20,45.918338775634766
2017-10-23,45.665916442871094
2017-10-24,45.6743278503418
2017-10-25,45.57334899902344
2017-10-26,46.2044563293457
2017-10-27,46.17920684814453
2017-10-30,46.423213958740234
2017-10-31,46.14554214477539
2017-11-01,46.38956069946289
2017-11-02,46.1707878112793
2017-11-03,47.14688491821289
2017-11-06,47.601261138916016
2017-11-07,48.14820861816406
2017-11-08,48.72880554199219
2017-11-09,48.26601791381836
2017-11-10,47.99674606323242
2017-11-13,47.660160064697266
2017-11-14,47.904178619384766
2017-11-15,47.96340560913086
2017-11-16,48.420188903808594
2017-11-17,48.157958984375
2017-11-20,48.05644607543945
2017-11-21,48.43710708618164
2017-11-22,48.335594177246094
2017-11-24,48.047996520996094
2017-11-27,47.29512023925781
2017-11-28,47.929561614990234
2017-11-29,48.64859390258789
2017-11-30,48.91082763671875
2017-12-01,48.48786163330078
2017-12-04,49.70597839355469
2017-12-05,50.196617126464844
2017-12-06,50.145870208740234
2017-12-07,50.027427673339844
2017-12-08,49.579105377197266
2017-12-11,49.96822738647461
2017-12-12,50.13740539550781
2017-12-13,50.323509216308594
2017-12-14,50.50114059448242
2017-12-15,49.308414459228516
2017-12-18,49.08846664428711
2017-12-19,49.07154083251953
2017-12-20,48.83469772338867
2017-12-21,48.70781326293945
2017-12-22,48.4709587097168
2017-12-26,48.335594177246094
2017-12-27,48.44557571411133
2017-12-28,48.90235900878906
2017-12-29,48.5809211730957
2018-01-02,48.75010299682617
2018-01-03,49.663692474365234
2018-01-04,49.849788665771484
2018-01-05,50.42501449584961
2018-01-08,50.17123794555664
2018-01-09,50.06127166748047
2018-01-10,50.602657318115234
2018-01-11,50.75492858886719
2018-01-12,51.093284606933594
2018-01-16,51.228633880615234
2018-01-17,51.31321334838867
2018-01-18,51.67696762084961
2018-01-19,51.820770263671875
2018-01-22,51.94764709472656
2018-01-23,52.184532165527344
2018-01-24,51.45703125
2018-01-25,51.22016906738281
2018-01-26,49.05463409423828
2018-01-29,48.23409652709961
2018-01-30,48.377891540527344
2018-01-31,48.05644607543945
2018-02-01,47.37126159667969
2018-02-02,47.17670822143555
2018-02-05,46.26310729980469
2018-02-06,47.04136276245117
2018-02-07,46.318424224853516
2018-02-08,45.73158645629883
2018-02-09,46.42048645019531
2018-02-12,47.100887298583984
2018-02-13,47.3475227355957
2018-02-14,47.61969757080078
2018-02-15,48.121482849121094
2018-02-16,48.03643798828125
2018-02-20,47.60269546508789
2018-02-21,47.71324920654297
2018-02-22,47.117897033691406
2018-02-23,47.74726867675781
2018-02-26,48.623294830322266
2018-02-27,48.11298751831055
2018-02-28,48.563751220703125
2018-03-01,47.77279281616211
2018-03-02,48.419166564941406
2018-03-05,48.4702033996582
2018-03-06,48.50421905517578
2018-03-07,48.50421905517578
2018-03-08,48.878440856933594
2018-03-09,49.720436096191406
2018-03-12,50.51991271972656
2018-03-13,50.22222900390625
2018-03-14,50.035118103027344
2018-03-15,50.4943962097168
2018-03-16,50.17971420288086
2018-03-19,49.584373474121094
2018-03-20,49.89054489135742
2018-03-21,49.72895050048828
2018-03-22,49.13359832763672
2018-03-23,47.89185333251953
2018-03-26,49.15911102294922
2018-03-27,48.869930267333984
2018-03-28,49.24415588378906
2018-03-29,49.23564910888672
2018-04-02,47.83232879638672
2018-04-03,49.32920837402344
2018-04-04,50.035118103027344
2018-04-05,50.29876708984375
2018-04-06,49.618385314941406
2018-04-09,49.92457580566406
2018-04-10,50.528404235839844
2018-04-11,50.53692626953125
2018-04-12,50.5454216003418
2018-04-13,50.383827209472656
2018-04-16,50.5454216003418
2018-04-17,50.8856315612793
2018-04-18,50.60496520996094
2018-04-19,50.366825103759766
2018-04-20,49.32920837402344
2018-04-23,49.46527862548828
2018-04-24,49.1676025390625
2018-04-25,49.08256149291992
2018-04-26,50.502899169921875
2018-04-27,49.6353874206543
2018-04-30,48.9634895324707
2018-05-01,49.43977355957031
2018-05-02,48.22356033325195
2018-05-03,47.738765716552734
2018-05-04,49.05705261230469
2018-05-07,48.8614387512207
2018-05-08,49.04854202270508
2018-05-09,48.766395568847656
2018-05-10,49.28792190551758
2018-05-11,48.963043212890625
2018-05-14,48.84333801269531
2018-05-15,48.4244270324707
2018-05-16,48.860435485839844
2018-05-17,48.903194427490234
2018-05-18,48.86900329589844
2018-05-21,49.02288818359375
2018-05-22,48.6980094909668
2018-05-23,49.1511344909668
2018-05-24,49.31357955932617
2018-05-25,49.51875686645508
2018-05-29,48.928836822509766
2018-05-30,49.142581939697266
2018-05-31,48.450069427490234
2018-06-01,48.65526580810547
2018-06-04,48.792057037353516
2018-06-05,47.603668212890625
2018-06-06,48.877559661865234
2018-06-07,48.851898193359375
2018-06-08,48.39022445678711
2018-06-11,48.287628173828125
2018-06-12,48.287628173828125
2018-06-13,48.056800842285156
2018-06-14,48.749298095703125
2018-06-15,48.826255798339844
2018-06-18,48.92029571533203
2018-06-19,49.0998420715332
2018-06-20,44.64554214477539
2018-06-21,43.27762222290039
2018-06-22,43.80769348144531
2018-06-25,43.31181335449219
2018-06-26,43.07242965698242
2018-06-27,42.61076354980469
2018-06-28,41.49932098388672
2018-06-29,41.76435470581055
2018-07-02,41.94389343261719
2018-07-03,41.69596481323242
2018-07-05,41.55916976928711
2018-07-06,41.87550354003906
2018-07-09,42.66206359863281
2018-07-10,43.106624603271484
2018-07-11,42.867252349853516
2018-07-12,42.9612922668457
2018-07-13,44.13257598876953
2018-07-16,43.551204681396484
2018-07-17,43.841888427734375
2018-07-18,43.73073959350586
2018-07-19,43.89318084716797
2018-07-20,43.52555465698242
2018-07-23,43.76494598388672
2018-07-24,43.74784469604492
2018-07-25,44.13257598876953
2018-07-26,43.987239837646484
2018-07-27,44.585693359375
2018-07-30,44.37195587158203
2018-07-31,44.7908821105957
2018-08-01,44.39760971069336
2018-08-02,44.18387222290039
2018-08-03,44.65409469604492
2018-08-06,44.51729202270508
2018-08-07,44.51729202270508
2018-08-08,44.37955856323242
2018-08-09,44.69808578491211
2018-08-10,44.345123291015625
2018-08-13,44.60338592529297
2018-08-14,45.27490234375
2018-08-15,45.41263198852539
2018-08-16,45.66230010986328
2018-08-17,46.10997009277344
2018-08-20,46.419891357421875
2018-08-21,46.488773345947266
2018-08-22,45.472896575927734
2018-08-23,45.335166931152344
2018-08-24,45.41263198852539
2018-08-27,45.60203552246094
2018-08-28,45.67091369628906
2018-08-29,45.84308624267578
2018-08-30,45.71394729614258
2018-08-31,46.01527786254883
2018-09-04,46.08414840698242
2018-09-05,46.307979583740234
2018-09-06,46.6695671081543
2018-09-07,47.22915267944336
2018-09-10,47.32384490966797
2018-09-11,47.45298767089844
2018-09-12,47.32384490966797
2018-09-13,47.25496292114258
2018-09-14,47.13444900512695
2018-09-17,46.97948455810547
2018-09-18,47.40993118286133
2018-09-19,47.71985626220703
2018-09-20,48.58076477050781
2018-09-21,49.45887756347656
2018-09-24,48.80459976196289
2018-09-25,48.985382080078125
2018-09-26,49.303924560546875
2018-09-27,49.36418914794922
2018-09-28,48.93373107910156
2018-10-01,47.8489990234375
2018-10-02,47.857601165771484
2018-10-03,47.75429153442383
2018-10-04,48.115875244140625
2018-10-05,48.00394821166992
2018-10-08,48.67545700073242
2018-10-09,49.68272018432617
2018-10-10,48.219181060791016
2018-10-11,47.22915267944336
2018-10-12,48.597984313964844
2018-10-15,48.85624313354492
2018-10-16,49.76881408691406
2018-10-17,50.879371643066406
2018-10-18,50.483360290527344
2018-10-19,50.500587463378906
2018-10-22,50.70718765258789
2018-10-23,50.62971496582031
2018-10-24,49.98403549194336
2018-10-25,50.75883483886719
2018-10-26,49.992637634277344
2018-10-29,50.250919342041016
2018-10-30,50.4403076171875
2018-10-31,50.16482162475586
2018-11-01,50.47474670410156
2018-11-02,55.37328338623047
2018-11-05,55.511024475097656
2018-11-06,56.828216552734375
2018-11-07,58.67917251586914
2018-11-08,59.16127014160156
2018-11-09,59.057952880859375
2018-11-12,58.46391677856445
2018-11-13,58.03349304199219
2018-11-14,58.02482986450195
2018-11-15,58.5268440246582
2018-11-16,58.994224548339844
2018-11-19,58.77783966064453
2018-11-20,58.14599609375
2018-11-21,57.791133880615234
2018-11-23,56.865020751953125
2018-11-26,56.85635757446289
2018-11-27,57.19391632080078
2018-11-28,57.83441925048828
2018-11-29,57.88634490966797
2018-11-30,57.74786376953125
2018-12-03,58.42296600341797
2018-12-04,57.687259674072266
2018-12-06,57.60071563720703
2018-12-07,56.665950775146484
2018-12-10,56.683250427246094
2018-12-11,57.05543518066406
2018-12-12,57.2371940612793
2018-12-13,57.91230392456055
2018-12-14,56.553428649902344
2018-12-17,55.80042266845703
2018-12-18,56.18990707397461
2018-12-19,55.44556427001953
2018-12-20,53.79240417480469
2018-12-21,53.13460159301758
2018-12-24,52.41622543334961
2018-12-26,54.597354888916016
2018-12-27,54.701210021972656
2018-12-28,54.86565399169922
2018-12-31,55.739845275878906
2019-01-02,55.67059326171875
2019-01-03,53.25578689575195
2019-01-04,55.02145004272461
2019-01-07,55.02145004272461
2019-01-08,55.06471633911133
2019-01-09,55.289764404296875
2019-01-10,55.55808639526367
2019-01-11,55.15992736816406
2019-01-14,54.848350524902344
2019-01-15,55.46286392211914
2019-01-16,55.19456481933594
2019-01-17,55.63596725463867
2019-01-18,55.9995002746582
2019-01-22,56.596710205078125
2019-01-23,57.496849060058594
2019-01-24,56.03411102294922
2019-01-25,58.06810760498047
2019-01-28,57.903656005859375
2019-01-29,58.02482986450195
2019-01-30,58.985565185546875
2019-01-31,58.976898193359375
2019-02-01,58.9509391784668
2019-02-04,58.49220657348633
2019-02-05,60.01554870605469
2019-02-06,59.90243148803711
2019-02-07,60.154747009277344
2019-02-08,60.68547058105469
2019-02-11,60.894283294677734
2019-02-12,60.68547058105469
2019-02-13,61.34669494628906
2019-02-14,61.63380432128906
2019-02-15,61.52070999145508
2019-02-19,61.07697677612305
2019-02-20,61.2422981262207
2019-02-21,61.51200866699219
2019-02-22,62.034019470214844
2019-02-25,61.816524505615234
2019-02-26,61.894832611083984
2019-02-27,61.03348922729492
2019-02-28,61.12918472290039
2019-03-01,61.642494201660156
2019-03-04,61.72951889038086
2019-03-05,62.277652740478516
2019-03-06,62.00792694091797
2019-03-07,61.43370056152344
2019-03-08,60.346160888671875
2019-03-11,60.62455749511719
2019-03-12,60.946468353271484
2019-03-13,60.98997116088867
2019-03-14,61.54679489135742
2019-03-15,61.48588180541992
2019-03-18,61.63380432128906
2019-03-19,62.1036262512207
2019-03-20,62.321144104003906
2019-03-21,62.8692741394043
2019-03-22,62.60826873779297
2019-03-25,62.90409469604492
2019-03-26,63.478294372558594
2019-03-27,63.28688430786133
2019-03-28,64.34833526611328
2019-03-29,64.67894744873047
2019-04-01,64.34833526611328
2019-04-02,64.61803436279297
2019-04-03,64.67024993896484
2019-04-04,64.68766021728516
2019-04-05,65.2792739868164
2019-04-08,65.42720794677734
2019-04-09,65.35762023925781
2019-04-10,65.67079162597656
2019-04-11,66.0101318359375
2019-04-12,66.68873596191406
2019-04-15,66.262451171875
2019-04-16,65.86223602294922
2019-04-17,65.35762023925781
2019-04-18,66.1754150390625
2019-04-22,65.60118865966797
2019-04-23,66.1145248413086
2019-04-24,66.46253967285156
2019-04-25,67.0889892578125
2019-04-26,67.38478088378906
2019-04-29,66.91497802734375
2019-04-30,67.58491516113281
2019-05-01,67.44567108154297
2019-05-02,67.40219116210938
2019-05-03,67.90682983398438
2019-05-06,67.91552734375
2019-05-07,67.8285140991211
2019-05-08,68.22185516357422
2019-05-09,68.09073638916016
2019-05-10,68.54525756835938
2019-05-13,67.02436828613281
2019-05-14,67.35649871826172
2019-05-15,67.9683609008789
2019-05-16,68.9648208618164
2019-05-17,68.97355651855469
2019-05-20,67.00688171386719
2019-05-21,67.76732635498047
2019-05-22,67.5225830078125
2019-05-23,66.78836822509766
2019-05-24,66.56110382080078
2019-05-28,66.16777038574219
2019-05-29,65.80065155029297
2019-05-30,66.57856750488281
2019-05-31,66.48241424560547
2019-06-03,66.62228393554688
2019-06-04,68.63265228271484
2019-06-05,69.8913345336914
2019-06-06,71.1500015258789
2019-06-07,72.09402465820312
2019-06-10,71.61326599121094
2019-06-11,71.99788665771484
2019-06-12,72.48735046386719
2019-06-13,72.85445404052734
2019-06-14,73.63239288330078
2019-06-17,72.56602478027344
2019-06-18,72.47862243652344
2019-06-19,73.25653839111328
2019-06-20,74.02574920654297
2019-06-21,73.26527404785156
2019-06-24,73.11669158935547
2019-06-25,73.64114379882812
2019-06-26,72.88069915771484
2019-06-27,73.03802490234375
2019-06-28,73.27403259277344
2019-07-01,73.90335845947266
2019-07-02,74.74249267578125
2019-07-03,76.73538208007812
2019-07-05,76.73538208007812
2019-07-08,76.42945098876953
2019-07-09,76.24588012695312
2019-07-10,77.25106811523438
2019-07-11,77.85418701171875
2019-07-12,78.46605682373047
2019-07-15,78.80693054199219
2019-07-16,78.73702239990234
2019-07-17,78.88561248779297
2019-07-18,79.97818756103516
2019-07-19,78.92933654785156
2019-07-22,79.47123718261719
2019-07-23,78.76323699951172
2019-07-24,79.23523712158203
2019-07-25,79.523681640625
2019-07-26,86.62994384765625
2019-07-29,85.67720031738281
2019-07-30,84.47969818115234
2019-07-31,82.76652526855469
2019-08-01,83.36962890625
2019-08-02,83.48324584960938
2019-08-05,81.90116882324219
2019-08-06,83.33467864990234
2019-08-07,83.54524993896484
2019-08-08,84.46652221679688
2019-08-09,84.4928207397461
2019-08-12,83.27324676513672
2019-08-13,84.7823486328125
2019-08-14,83.28201293945312
2019-08-15,83.81725311279297
2019-08-16,84.68585205078125
2019-08-19,84.8086929321289
2019-08-20,83.90497589111328
2019-08-21,84.51036071777344
2019-08-22,84.65955352783203
2019-08-23,83.0889892578125
2019-08-26,84.6683120727539
2019-08-27,84.30856323242188
2019-08-28,85.1684341430664
2019-08-29,85.7211685180664
2019-08-30,84.7209701538086
2019-09-03,84.90519714355469
2019-09-04,84.32612609863281
2019-09-05,83.84356689453125
2019-09-06,84.0014877319336
2019-09-09,82.615234375
2019-09-10,79.2723388671875
2019-09-11,79.82508850097656
2019-09-12,80.77267456054688
2019-09-13,79.38641357421875
2019-09-16,78.45637512207031
2019-09-17,79.62330627441406
2019-09-18,79.80756378173828
2019-09-19,80.33399200439453
2019-09-20,79.02667999267578
2019-09-23,79.67594146728516
2019-09-24,78.89508056640625
2019-09-25,79.2723388671875
2019-09-26,78.7897720336914
2019-09-27,77.53510284423828
2019-09-30,77.57897186279297
2019-10-01,75.90316009521484
2019-10-02,73.9816665649414
2019-10-03,74.28876495361328
2019-10-04,75.38550567626953
2019-10-07,75.32406616210938
2019-10-08,74.49932098388672
2019-10-09,75.32406616210938
2019-10-10,75.42058563232422
2019-10-11,75.77156066894531
2019-10-14,75.99966430664062
2019-10-15,75.85051727294922
2019-10-16,76.07865142822266
2019-10-17,75.71013641357422
2019-10-18,75.48200225830078
2019-10-21,74.88538360595703
2019-10-22,73.22712707519531
2019-10-23,72.59539031982422
2019-10-24,72.9814453125
2019-10-25,73.15693664550781
2019-10-28,73.3499526977539
2019-10-29,73.81499481201172
2019-10-30,73.86761474609375
2019-10-31,74.19224548339844
2019-11-01,73.00775146484375
2019-11-04,72.27078247070312
2019-11-05,71.8496322631836
2019-11-06,72.81472778320312
2019-11-07,71.90225219726562
2019-11-08,71.74431610107422
2019-11-11,72.32339477539062
2019-11-12,73.46971130371094
2019-11-13,74.01641845703125
2019-11-14,74.4043960571289
2019-11-15,74.2544937133789
2019-11-18,74.08695220947266
2019-11-19,73.76952362060547
2019-11-20,73.71661376953125
2019-11-21,72.57032012939453
2019-11-22,73.20516967773438
2019-11-25,73.84886932373047
2019-11-26,74.56311798095703
2019-11-27,75.63005065917969
2019-11-29,75.33026885986328
2019-12-02,74.57194519042969
2019-12-03,74.7923812866211
2019-12-04,75.3038101196289
2019-12-05,74.46610260009766
2019-12-06,76.11502838134766
2019-12-09,76.07978057861328
2019-12-10,75.86815643310547
2019-12-11,76.35311889648438
2019-12-12,77.7816162109375
2019-12-13,78.18721771240234
2019-12-16,78.28424072265625
2019-12-17,77.71106719970703
2019-12-18,77.58760833740234
2019-12-19,78.05494689941406
2019-12-20,78.00205993652344
2019-12-23,77.79924774169922
2019-12-24,78.05494689941406
2019-12-26,77.66697692871094
2019-12-27,77.71106719970703
2019-12-30,77.10264587402344
2019-12-31,77.52587890625
2020-01-02,78.7868423461914
2020-01-03,78.32830810546875
2020-01-06,77.71106719970703
2020-01-07,77.47299194335938
2020-01-08,78.37238311767578
2020-01-09,79.82733154296875
2020-01-10,79.50106811523438
2020-01-13,80.31231689453125
2020-01-14,80.23295593261719
2020-01-15,80.71794128417969
2020-01-16,81.63496398925781
2020-01-17,82.55200958251953
2020-01-21,81.59088134765625
2020-01-22,81.59088134765625
2020-01-23,82.66666412353516
2020-01-24,81.14999389648438
2020-01-27,78.2401351928711
2020-01-28,78.12548828125
2020-01-29,76.4677505493164
2020-01-30,75.69178009033203
2020-01-31,74.80120849609375
2020-02-03,75.84169006347656
2020-02-04,77.9314956665039
2020-02-05,77.56829833984375
2020-02-06,76.31918334960938
2020-02-07,76.55838775634766
2020-02-10,77.54173278808594
2020-02-11,77.52397918701172
2020-02-12,78.46304321289062
2020-02-13,79.66786193847656
2020-02-14,79.09201049804688
2020-02-18,79.04771423339844
2020-02-19,79.85387420654297
2020-02-20,78.4896011352539
2020-02-21,77.39112091064453
2020-02-24,74.87519836425781
2020-02-25,72.81108093261719
2020-02-26,71.46453094482422
2020-02-27,69.35610961914062
2020-02-28,69.48013305664062
2020-03-02,72.9793930053711
2020-03-03,69.6307373046875
2020-03-04,70.57862854003906
2020-03-05,67.4957504272461
2020-03-06,66.74275970458984
2020-03-09,62.747406005859375
2020-03-10,66.32637023925781
2020-03-11,60.506107330322266
2020-03-12,55.01360321044922
2020-03-13,61.94124221801758
2020-03-16,51.90414047241211
2020-03-17,52.249637603759766
2020-03-18,49.90202713012695
2020-03-19,54.4023323059082
2020-03-20,51.40804672241211
2020-03-23,50.096927642822266
2020-03-24,57.47636413574219
2020-03-25,58.30024719238281
2020-03-26,61.92351150512695
2020-03-27,58.7697639465332
2020-03-30,60.1163215637207
2020-03-31,58.238224029541016
2020-04-01,55.47426223754883
2020-04-02,57.582672119140625
2020-04-03,55.855194091796875
2020-04-06,60.05430603027344
2020-04-07,60.86931228637695
2020-04-08,63.40294647216797
2020-04-09,65.44935607910156
2020-04-13,63.571292877197266
2020-04-14,65.26332092285156
2020-04-15,64.27113342285156
2020-04-16,65.12157440185547
2020-04-17,68.3019027709961
2020-04-20,66.72500610351562
2020-04-21,64.4217300415039
2020-04-22,68.61194610595703
2020-04-23,66.57442474365234
2020-04-24,66.95536804199219
2020-04-27,68.8688735961914
2020-04-28,69.71048736572266
2020-04-29,68.08930206298828
2020-04-30,67.97413635253906
2020-05-01,65.3696517944336
2020-05-04,63.68644714355469
2020-05-05,64.58118438720703
2020-05-06,64.63434600830078
2020-05-07,67.70792388916016
2020-05-08,69.3739013671875
2020-05-11,67.59210968017578
2020-05-12,66.23794555664062
2020-05-13,65.58759307861328
2020-05-14,66.09540557861328
2020-05-15,66.06867980957031
2020-05-18,67.91282653808594
2020-05-19,67.58319091796875
2020-05-20,69.27589416503906
2020-05-21,69.53425598144531
2020-05-22,69.15116119384766
2020-05-26,69.27589416503906
2020-05-27,70.02424621582031
2020-05-28,69.97078704833984
2020-05-29,69.48080444335938
2020-06-01,69.77478790283203
2020-06-02,69.2937240600586
2020-06-03,70.89732360839844
2020-06-04,70.14897155761719
2020-06-05,73.17802429199219
2020-06-08,74.44306945800781
2020-06-09,73.3829116821289
2020-06-10,70.3895034790039
2020-06-11,64.65215301513672
2020-06-12,68.04645538330078
2020-06-15,68.56318664550781
2020-06-16,69.34715270996094
2020-06-17,68.68790435791016
2020-06-18,67.98410034179688
2020-06-19,67.17338562011719
2020-06-22,67.17338562011719
2020-06-23,67.25357818603516
2020-06-24,65.60541534423828
2020-06-25,65.79248809814453
2020-06-26,63.761260986328125
2020-06-29,65.462890625
2020-06-30,65.56085205078125
2020-07-01,65.95287322998047
2020-07-02,65.73013305664062
2020-07-06,67.20902252197266
2020-07-07,66.14885711669922
2020-07-08,66.05085754394531
2020-07-09,65.54303741455078
2020-07-10,66.18450927734375
2020-07-13,64.72341918945312
2020-07-14,64.79473114013672
2020-07-15,67.36048889160156
2020-07-16,66.27359008789062
2020-07-17,66.06867980957031
2020-07-20,66.78138732910156
2020-07-21,67.20902252197266
2020-07-22,68.81263732910156
2020-07-23,67.13774871826172
2020-07-24,67.51192474365234
2020-07-27,68.11772918701172
2020-07-28,66.49630737304688
2020-07-29,68.97298431396484
2020-07-30,68.27809143066406
2020-07-31,68.18008422851562
2020-08-03,67.26248931884766
2020-08-04,66.93282318115234
2020-08-05,67.51192474365234
2020-08-06,67.77169799804688
2020-08-07,67.88813781738281
2020-08-10,69.39298248291016
2020-08-11,70.64702606201172
2020-08-12,71.02322387695312
2020-08-13,70.78136444091797
2020-08-14,70.19915771484375
2020-08-17,70.71867370605469
2020-08-18,70.75450897216797
2020-08-19,69.53630065917969
2020-08-20,69.16905212402344
2020-08-21,69.03467559814453
2020-08-24,70.47681427001953
2020-08-25,74.09561157226562
2020-08-26,73.81793975830078
2020-08-27,74.71367645263672
2020-08-28,76.13789367675781
2020-08-31,75.66316986083984
2020-09-01,77.07844543457031
2020-09-02,79.13862609863281
2020-09-03,77.4636001586914
2020-09-04,77.2754898071289
2020-09-08,76.50514221191406
2020-09-09,76.90823364257812
2020-09-10,76.0304183959961
2020-09-11,76.37974548339844
2020-09-14,77.59796905517578
2020-09-15,78.56533813476562
2020-09-16,79.16548919677734
2020-09-17,77.7054443359375
2020-09-18,76.09310913085938
2020-09-21,75.14363098144531
2020-09-22,75.19738006591797
2020-09-23,74.33747100830078
2020-09-24,74.38224792480469
2020-09-25,75.51087951660156
2020-09-28,77.0963363647461
2020-09-29,75.95874786376953
2020-09-30,76.96198272705078
2020-10-01,77.69648742675781
2020-10-02,77.54420471191406
2020-10-05,79.24612426757812
2020-10-06,77.9383544921875
2020-10-07,79.22819519042969
2020-10-08,80.19562530517578
2020-10-09,80.62554931640625
2020-10-12,81.31526184082031
2020-10-13,80.75990295410156
2020-10-14,79.99854278564453
2020-10-15,79.5685806274414
2020-10-16,79.29087829589844
2020-10-19,78.46682739257812
2020-10-20,79.28195190429688
2020-10-21,79.06696319580078
2020-10-22,80.04331970214844
2020-10-23,81.33319091796875
2020-10-26,80.31205749511719
2020-10-27,80.66139221191406
2020-10-28,78.0816650390625
2020-10-29,79.09383392333984
2020-10-30,77.89356231689453
2020-11-02,77.00677490234375
2020-11-03,79.17446899414062
2020-11-04,80.42851257324219
2020-11-05,81.17195892333984
2020-11-06,81.19882202148438
2020-11-09,85.88355255126953
2020-11-10,84.52462005615234
2020-11-11,85.53255462646484
2020-11-12,84.1736068725586
2020-11-13,86.00054168701172
2020-11-16,87.99846649169922
2020-11-17,88.73644256591797
2020-11-18,88.1154556274414
2020-11-19,87.98046875
2020-11-20,87.30550384521484
2020-11-23,87.18850708007812
2020-11-24,88.46644592285156
2020-11-25,88.37644958496094
2020-11-27,88.79045867919922
2020-11-30,88.2144546508789
2020-12-01,88.9344253540039
2020-12-02,89.01542663574219
2020-12-03,90.09540557861328
2020-12-04,92.04830169677734
2020-12-07,91.26533508300781
2020-12-08,91.08534240722656
2020-12-09,90.35637664794922
2020-12-10,94.84719848632812
2020-12-11,92.6962890625
2020-12-14,92.98426055908203
2020-12-15,93.75823211669922
2020-12-16,92.93927001953125
2020-12-17,92.8852767944336
2020-12-18,92.94827270507812
2020-12-21,92.64228057861328
2020-12-22,92.1653060913086
2020-12-23,91.85030364990234
2020-12-24,91.80531311035156
2020-12-28,93.90222930908203
2020-12-29,95.06317138671875
2020-12-30,95.36917114257812
2020-12-31,96.27813720703125
2021-01-04,92.78627014160156
2021-01-05,93.09225463867188
2021-01-06,93.76724243164062
2021-01-07,93.01126861572266
2021-01-08,95.09917449951172
2021-01-11,94.13621520996094
2021-01-12,92.53427124023438
2021-01-13,92.5972671508789
2021-01-14,91.63431549072266
2021-01-15,92.09329223632812
2021-01-19,92.28230285644531
2021-01-20,94.91017150878906
2021-01-21,94.11823272705078
2021-01-22,93.51524353027344
2021-01-25,93.10126495361328
2021-01-26,94.21721649169922
2021-01-27,88.07947540283203
2021-01-28,88.33145141601562
2021-01-29,87.12550354003906
2021-02-01,88.71843719482422
2021-02-02,91.48131561279297
2021-02-03,90.91434478759766
2021-02-04,93.27224731445312
2021-02-05,95.82817077636719
2021-02-08,95.63015747070312
2021-02-09,95.59416961669922
2021-02-10,95.2791519165039
2021-02-11,95.27017211914062
2021-02-12,94.76619720458984
2021-02-16,95.53117370605469
2021-02-17,94.39238739013672
2021-02-18,94.87139892578125
2021-02-19,93.42530822753906
2021-02-22,92.01539611816406
2021-02-23,91.61772155761719
2021-02-24,94.3381576538086
2021-02-25,93.51570892333984
2021-02-26,97.63700866699219
2021-03-01,96.5886001586914
2021-03-02,96.8868408203125
2021-03-03,96.00114440917969
2021-03-04,94.79907989501953
2021-03-05,95.0792465209961
2021-03-08,94.92562866210938
2021-03-09,96.29940032958984
2021-03-10,97.41105651855469
2021-03-11,96.99529266357422
2021-03-12,97.43816375732422
2021-03-15,98.42330169677734
2021-03-16,100.62855529785156
2021-03-17,99.8332290649414
2021-03-18,97.26644897460938
2021-03-19,96.10957336425781
2021-03-22,97.22126770019531
2021-03-23,96.02824401855469
2021-03-24,94.87139892578125
2021-03-25,97.02243041992188
2021-03-26,99.32710266113281
2021-03-29,98.63117980957031
2021-03-30,99.6614990234375
2021-03-31,98.75772857666016
2021-04-01,98.85712432861328
2021-04-05,100.33937072753906
2021-04-06,102.26445007324219
2021-04-07,102.30059814453125
2021-04-08,102.1650161743164
2021-04-09,102.29154968261719
2021-04-12,102.86092376708984
2021-04-13,104.26182556152344
2021-04-14,104.08106994628906
2021-04-15,105.43675994873047
2021-04-16,106.95513153076172
2021-04-19,106.28632354736328
2021-04-20,105.08427429199219
2021-04-21,105.5090560913086
2021-04-22,104.76793670654297
2021-04-23,106.25016021728516
2021-04-26,104.76793670654297
2021-04-27,104.97581481933594
2021-04-28,101.58660125732422
2021-04-29,103.60203552246094
2021-04-30,103.47550964355469
2021-05-03,104.58719635009766
2021-05-04,103.132080078125
2021-05-05,102.56269073486328
2021-05-06,103.70146179199219
2021-05-07,103.3399658203125
2021-05-10,103.30378723144531
2021-05-11,102.6259536743164
2021-05-12,99.62248992919922
2021-05-13,100.2576675415039
2021-05-14,100.90191650390625
2021-05-17,100.7022933959961
2021-05-18,100.783935546875
2021-05-19,99.5135726928711
2021-05-20,101.09246826171875
2021-05-21,100.64784240722656
2021-05-24,102.09966278076172
2021-05-25,102.19947052001953
2021-05-26,102.39909362792969
2021-05-27,102.99797821044922
2021-05-28,103.33373260498047
2021-06-01,102.84373474121094
2021-06-02,102.53520965576172
2021-06-03,100.8293228149414
2021-06-04,101.61873626708984
2021-06-07,101.01988220214844
2021-06-08,101.19226837158203
2021-06-09,101.07431030273438
2021-06-10,101.8183822631836
2021-06-11,102.1359634399414
2021-06-14,102.0361557006836
2021-06-15,101.52802276611328
2021-06-16,101.0470962524414
2021-06-17,101.07431030273438
2021-06-18,99.54080963134766
2021-06-21,100.69320678710938
2021-06-22,101.49171447753906
2021-06-23,101.22856903076172
2021-06-24,101.61873626708984
2021-06-25,102.57150268554688
2021-06-28,101.84559631347656
2021-06-29,101.87281799316406
2021-06-30,101.4554214477539
2021-07-01,102.9072494506836
2021-07-02,104.3227767944336
2021-07-06,105.01240539550781
2021-07-07,106.29181671142578
2021-07-08,105.24832153320312
2021-07-09,106.59126281738281
2021-07-12,107.48957061767578
2021-07-13,108.47862243652344
2021-07-14,108.70547485351562
2021-07-15,107.95235443115234
2021-07-16,107.73457336425781
2021-07-19,104.64036560058594
2021-07-20,106.5458755493164
2021-07-21,108.22455596923828
2021-07-22,111.27338409423828
2021-07-23,114.30406188964844
2021-07-26,114.38575744628906
2021-07-27,114.35853576660156
2021-07-28,111.07378387451172
2021-07-29,111.04653930664062
2021-07-30,110.18452453613281
2021-08-02,109.22269439697266
2021-08-03,108.09752655029297
2021-08-04,107.29901123046875
2021-08-05,108.00678253173828
2021-08-06,108.02493286132812
2021-08-09,107.01773071289062
2021-08-10,105.61126708984375
2021-08-11,106.12137603759766
2021-08-12,105.43820190429688
2021-08-13,106.35822296142578
2021-08-16,107.06873321533203
2021-08-17,106.1851577758789
2021-08-18,105.37442779541016
2021-08-19,104.13560485839844
2021-08-20,104.41797637939453
2021-08-23,104.89165496826172
2021-08-24,104.827880859375
2021-08-25,105.27421569824219
2021-08-26,104.13560485839844
2021-08-27,104.86433410644531
2021-08-30,105.31066131591797
2021-08-31,107.02316284179688
2021-09-01,106.98674774169922
2021-09-02,106.91387176513672
2021-09-03,106.74991607666016
2021-09-07,105.4746322631836
2021-09-08,107.52418518066406
2021-09-09,108.20738220214844
2021-09-10,108.7083740234375
2021-09-13,108.56262969970703
2021-09-14,108.2711410522461
2021-09-15,104.42709350585938
2021-09-16,104.45441436767578
2021-09-17,103.30665588378906
2021-09-20,101.85831451416016
2021-09-21,102.22267150878906
2021-09-22,102.9969482421875
2021-09-23,103.97161102294922
2021-09-24,103.94428253173828
2021-09-27,103.5525894165039
2021-09-28,101.75811767578125
2021-09-29,102.17713165283203
2021-09-30,100.48283386230469
2021-10-01,102.86032104492188
2021-10-04,101.53038024902344
2021-10-05,100.9747314453125
2021-10-06,101.69434356689453
2021-10-07,102.21357727050781
2021-10-08,101.31177520751953
2021-10-11,101.05671691894531
2021-10-12,101.11135864257812
2021-10-13,100.89274597167969
2021-10-14,101.90385437011719
2021-10-15,101.52127838134766
2021-10-18,103.27021789550781
2021-10-19,103.37953186035156
2021-10-20,103.71656799316406
2021-10-21,104.24490356445312
2021-10-22,104.34510803222656
2021-10-25,104.49085235595703
2021-10-26,104.68213653564453
2021-10-27,103.39773559570312
2021-10-28,103.11536407470703
2021-10-29,96.62055969238281
2021-11-01,100.01825714111328
2021-11-02,101.52127838134766
2021-11-03,102.57793426513672
2021-11-04,102.16801452636719
2021-11-05,106.4948501586914
2021-11-08,104.90076446533203
2021-11-09,103.96253204345703
2021-11-10,103.60572814941406
2021-11-11,101.94986724853516
2021-11-12,102.2060317993164
2021-11-15,102.34324645996094
2021-11-16,102.672607421875
2021-11-17,102.93790435791016
2021-11-18,103.2855453491211
2021-11-19,101.3460922241211
2021-11-22,101.95901489257812
2021-11-23,103.90763092041016
2021-11-24,104.26441192626953
2021-11-26,101.23628997802734
2021-11-29,101.30033111572266
2021-11-30,100.30314636230469
2021-12-01,99.40660858154297
2021-12-02,101.93154907226562
2021-12-03,101.76689910888672
2021-12-06,103.70638275146484
2021-12-07,106.3593978881836
2021-12-08,106.35025787353516
2021-12-09,105.52689361572266
2021-12-10,106.78939056396484
2021-12-13,105.71900939941406
2021-12-14,104.94139862060547
2021-12-15,104.91395568847656
2021-12-16,103.91678619384766
2021-12-17,99.37915802001953
2021-12-20,98.88513946533203
2021-12-21,100.97097778320312
2021-12-22,102.22431945800781
2021-12-23,102.80065155029297
2021-12-27,104.49311828613281
2021-12-28,105.72813415527344
2021-12-29,106.46917724609375
2021-12-30,106.34110260009766
2021-12-31,107.0089340209961
2022-01-03,106.74363708496094
2022-01-04,104.51142120361328
2022-01-05,101.0350341796875
2022-01-06,101.67542266845703
2022-01-07,98.40943145751953
2022-01-10,97.00057220458984
2022-01-11,95.18003845214844
2022-01-12,95.0245361328125
2022-01-13,93.67970275878906
2022-01-14,91.59385681152344
2022-01-18,89.40740966796875
2022-01-19,88.62063598632812
2022-01-20,87.56856536865234
2022-01-21,88.1082992553711
2022-01-24,89.74588775634766
2022-01-25,88.74871063232422
2022-01-26,87.44050598144531
2022-01-27,87.20262908935547
2022-01-28,88.93167877197266
2022-01-31,89.94715118408203
2022-02-01,90.34968566894531
2022-02-02,89.40740966796875
2022-02-03,87.76984405517578
2022-02-04,86.90988159179688
2022-02-07,87.0837173461914
2022-02-08,86.83670043945312
2022-02-09,88.85848999023438
2022-02-10,87.63558197021484
2022-02-11,86.18280029296875
2022-02-14,86.10924530029297
2022-02-15,86.90000915527344
2022-02-16,87.51605987548828
2022-02-17,85.55756378173828
2022-02-18,85.8241958618164
2022-02-22,85.61273956298828
2022-02-23,82.43133544921875
2022-02-24,83.68180847167969
2022-02-25,85.12541961669922
2022-02-28,84.3990249633789
2022-03-01,82.88188171386719
2022-03-02,85.30010223388672
2022-03-03,84.15995788574219
2022-03-04,82.78073120117188
2022-03-07,77.65922546386719
2022-03-08,77.23628234863281
2022-03-09,80.54638671875
2022-03-10,80.1418228149414
2022-03-11,76.06853485107422
2022-03-14,72.90553283691406
2022-03-15,76.42713928222656
2022-03-16,80.3717041015625
2022-03-17,80.6015853881836
2022-03-18,82.38533782958984
2022-03-21,79.8659896850586
2022-03-22,80.81304931640625
2022-03-23,79.27751922607422
2022-03-24,80.10504913330078
2022-03-25,80.40845489501953
2022-03-28,81.26358795166016
2022-03-29,83.88411712646484
2022-03-30,83.70020294189453
2022-03-31,83.64506530761719
2022-04-01,84.1231689453125
2022-04-04,80.99693298339844
2022-04-05,77.34660339355469
2022-04-06,76.64779663085938
2022-04-07,76.42713928222656
2022-04-08,74.95594787597656
2022-04-11,74.18359375
2022-04-12,73.36527252197266
2022-04-13,74.40426635742188
2022-04-14,73.09859466552734
2022-04-18,73.1905517578125
2022-04-19,74.68013000488281
2022-04-20,73.71466064453125
2022-04-21,72.60208892822266
2022-04-22,71.64583587646484
2022-04-25,71.70101928710938
2022-04-26,69.54022979736328
2022-04-27,68.7219009399414
2022-04-28,70.41374206542969
2022-04-29,68.62994384765625
2022-05-02,69.3011703491211
2022-05-03,68.34490203857422
2022-05-04,75.06629180908203
2022-05-05,71.24127197265625
2022-05-06,70.35855865478516
2022-05-09,67.5725326538086
2022-05-10,66.07378387451172
2022-05-11,64.41873168945312
2022-05-12,64.72428894042969
2022-05-13,70.00224304199219
2022-05-16,67.05770111083984
2022-05-17,68.2614517211914
2022-05-18,66.00210571289062
2022-05-19,66.60399627685547
2022-05-20,67.95587921142578
2022-05-23,67.98365020751953
2022-05-24,67.33548736572266
2022-05-25,67.11324310302734
2022-05-26,68.97443389892578
2022-05-27,71.03004455566406
2022-05-31,72.68751525878906
2022-06-01,70.63189697265625
2022-06-02,73.53938293457031
2022-06-03,73.19678497314453
2022-06-06,73.13196563720703
2022-06-07,73.58570098876953
2022-06-08,72.65972900390625
2022-06-09,73.06715393066406
2022-06-10,70.06705474853516
2022-06-13,67.00214385986328
2022-06-14,66.95584869384766
2022-06-15,68.6966552734375
2022-06-16,65.696533203125
2022-06-17,66.54843139648438
2022-06-21,67.55773162841797
2022-06-22,67.8725357055664
2022-06-23,69.63186645507812
2022-06-24,72.32638549804688
2022-06-27,71.92823028564453
2022-06-28,70.68744659423828
2022-06-29,70.77078247070312
2022-06-30,70.73373413085938
2022-07-01,73.39122772216797
2022-07-05,73.63197326660156
2022-07-06,73.02085876464844
2022-07-07,73.3727035522461
2022-07-08,73.40974426269531
2022-07-11,72.13194274902344
2022-07-12,72.00230407714844
2022-07-13,72.15045928955078
2022-07-14,72.40972900390625
2022-07-15,73.72459411621094
2022-07-18,74.2894058227539
2022-07-19,76.43761444091797
2022-07-20,77.10432434082031
2022-07-21,77.35432434082031
2022-07-22,77.40061950683594
2022-07-25,75.46537780761719
2022-07-26,74.36348724365234
2022-07-27,76.8172607421875
2022-07-28,78.40065002441406
2022-07-29,78.50252532958984
2022-08-01,78.62289428710938
2022-08-02,77.51173400878906
2022-08-03,80.8081283569336
2022-08-04,80.44701385498047
2022-08-05,79.38217163085938
2022-08-08,79.37291717529297
2022-08-09,78.55805969238281
2022-08-10,80.08589935302734
2022-08-11,81.2685546875
2022-08-12,82.23703002929688
2022-08-15,83.02860260009766
2022-08-16,83.2520980834961
2022-08-17,82.27429962158203
2022-08-18,82.4605484008789
2022-08-19,80.942626953125
2022-08-22,79.10810852050781
2022-08-23,78.86598205566406
2022-08-24,80.1324691772461
2022-08-25,81.38029479980469
2022-08-26,78.27931213378906
2022-08-29,78.33518981933594
2022-08-30,77.67401885986328
2022-08-31,78.28861999511719
2022-09-01,79.52714538574219
2022-09-02,77.236328125
2022-09-06,78.70767974853516
2022-09-07,82.23703002929688
2022-09-08,83.3079605102539
2022-09-09,82.5909194946289
2022-09-12,82.94478607177734
2022-09-13,81.79936218261719
2022-09-14,86.32514190673828
2022-09-15,85.87816619873047
2022-09-16,85.0307388305664
2022-09-19,85.80365753173828
2022-09-20,84.54649353027344
2022-09-21,82.50709533691406
2022-09-22,78.87528991699219
2022-09-23,78.3817367553711
2022-09-26,78.97772979736328
2022-09-27,78.48417663574219
2022-09-28,81.11956024169922
2022-09-29,80.61669921875
2022-09-30,78.46556091308594
2022-10-03,79.7320327758789
2022-10-04,82.42328643798828
2022-10-05,83.92256927490234
2022-10-06,83.20551300048828
2022-10-07,81.0450668334961
2022-10-10,81.07299041748047
2022-10-11,80.28144836425781
2022-10-12,80.89607238769531
2022-10-13,83.2241439819336
2022-10-14,80.43045043945312
2022-10-17,82.78646850585938
2022-10-18,82.84233856201172
2022-10-19,81.50137329101562
2022-10-20,80.82156372070312
2022-10-21,82.51641845703125
2022-10-24,77.99993896484375
2022-10-25,79.35022735595703
2022-10-26,79.98346710205078
2022-10-27,79.41542053222656
2022-10-28,81.1102523803711
2022-10-31,80.63532257080078
2022-11-01,81.1102523803711
2022-11-02,78.76355743408203
2022-11-03,78.8566665649414
2022-11-04,85.54292297363281
2022-11-07,84.22987365722656
2022-11-08,86.37171173095703
2022-11-09,85.81912994384766
2022-11-10,90.15550231933594
2022-11-11,91.20448303222656
2022-11-14,91.24192810058594
2022-11-15,91.62594604492188
2022-11-16,90.91413879394531
2022-11-17,90.82048034667969
2022-11-18,91.73831939697266
2022-11-21,92.0848617553711
2022-11-22,92.18787384033203
2022-11-23,93.20875549316406
2022-11-25,93.2462387084961
2022-11-28,92.4032974243164
2022-11-29,92.4032974243164
2022-11-30,95.71880340576172
2022-12-01,96.81462097167969
2022-12-02,98.38807678222656
2022-12-05,96.98320007324219
2022-12-06,95.60643768310547
2022-12-07,95.40974426269531
2022-12-08,97.1611557006836
2022-12-09,95.3348159790039
2022-12-12,96.1871109008789
2022-12-13,95.63451385498047
2022-12-14,95.7094497680664
2022-12-15,93.64897155761719
2022-12-16,92.5625228881836
2022-12-19,92.06613159179688
2022-12-20,91.78516387939453
2022-12-21,92.41268920898438
2022-12-22,91.56038665771484
2022-12-23,92.03804016113281
2022-12-27,92.90907287597656
2022-12-28,92.34711456298828
2022-12-29,93.44291687011719
2022-12-30,92.90907287597656
2023-01-03,94.4356918334961
2023-01-04,97.83549499511719
2023-01-05,97.80738830566406
2023-01-06,99.92406463623047
2023-01-09,98.09773254394531
2023-01-10,99.27782440185547
2023-01-11,99.5588150024414
2023-01-12,99.13734436035156
2023-01-13,100.42981719970703
2023-01-17,99.98027038574219
2023-01-18,98.34123992919922
2023-01-19,97.64817810058594
2023-01-20,98.37871551513672
2023-01-23,99.4745101928711
2023-01-24,99.87724304199219
2023-01-25,100.1956787109375
2023-01-26,101.86278533935547
2023-01-27,102.10630798339844
2023-01-30,101.525634765625
2023-01-31,102.21869659423828
2023-02-01,103.0147933959961
2023-02-02,102.22806549072266
2023-02-03,97.68563079833984
2023-02-06,98.3599853515625
2023-02-07,100.05520629882812
2023-02-08,99.5588150024414
2023-02-09,99.8223648071289
2023-02-10,100.80128479003906
2023-02-13,102.14730072021484
2023-02-14,101.63902282714844
2023-02-15,102.59912872314453
2023-02-16,101.22486877441406
2023-02-17,100.81069946289062
2023-02-21,98.62693786621094
2023-02-22,98.61751556396484
2023-02-23,97.43151092529297
2023-02-24,95.63367462158203
2023-02-27,96.42436218261719
2023-02-28,96.09490966796875
2023-03-01,95.47367095947266
2023-03-02,96.96088409423828
2023-03-03,98.41044616699219
2023-03-06,98.82460021972656
2023-03-07,97.27149200439453
2023-03-08,96.4808349609375
2023-03-09,94.41002655029297
2023-03-10,93.54405975341797
2023-03-13,93.26165771484375
2023-03-14,93.61934661865234
2023-03-15,93.50639343261719
2023-03-16,94.53238677978516
2023-03-17,92.90396881103516
2023-03-20,93.98644256591797
2023-03-21,94.63591766357422
2023-03-22,93.29930877685547
2023-03-23,92.64041137695312
2023-03-24,92.56511688232422
2023-03-27,92.86631774902344
2023-03-28,92.92280578613281
2023-03-29,94.71123504638672
2023-03-30,95.37013244628906
2023-03-31,98.01510620117188
2023-04-03,98.69283294677734
2023-04-04,97.89273834228516
2023-04-05,98.73989868164062
2023-04-06,98.53280639648438
2023-04-10,98.58927917480469
2023-04-11,99.53057098388672
2023-04-12,99.3987808227539
2023-04-13,100.7071533203125
2023-04-14,101.1589584350586
2023-04-17,101.94965362548828
2023-04-18,101.57313537597656
2023-04-19,100.8671646118164
2023-04-20,100.76363372802734
2023-04-21,101.83670043945312
2023-04-24,102.8720932006836
2023-04-25,102.91915130615234
2023-04-26,104.92408752441406
2023-04-27,106.12889862060547
2023-04-28,107.57848358154297
2023-05-01,107.8326187133789
2023-05-02,107.73849487304688
2023-05-03,97.85509490966797
2023-05-04,98.57046508789062
2023-05-05,100.91423034667969
2023-05-08,100.8765869140625
2023-05-09,100.44358825683594
2023-05-10,100.6883316040039
2023-05-11,99.9220962524414
2023-05-12,100.3856201171875
2023-05-15,100.87752532958984
2023-05-16,99.59101867675781
2023-05-17,99.97885131835938
2023-05-18,101.3031997680664
2023-05-19,99.80858612060547
2023-05-22,97.33963012695312
2023-05-23,94.91796112060547
2023-05-24,94.22740936279297
2023-05-25,93.12062072753906
2023-05-26,93.20576477050781
2023-05-30,92.4679183959961
2023-05-31,92.36385345458984
2023-06-01,92.25032806396484
2023-06-02,94.12335205078125
2023-06-05,94.53012084960938
2023-06-06,92.91251373291016
2023-06-07,92.62872314453125
2023-06-08,93.79226684570312
2023-06-09,92.66654968261719
2023-06-12,93.13953399658203
2023-06-13,93.89632415771484
2023-06-14,95.2206802368164
2023-06-15,95.90174865722656
2023-06-16,96.36527252197266
2023-06-20,95.79769897460938
2023-06-21,96.36527252197266
2023-06-22,95.400390625
2023-06-23,93.02601623535156
2023-06-26,92.92198181152344
2023-06-27,93.38549041748047
2023-06-28,93.28143310546875
2023-06-29,93.34765625
2023-06-30,93.70711517333984
2023-07-03,93.79226684570312
2023-07-05,93.13953399658203
2023-07-06,91.00166320800781
2023-07-07,90.85978698730469
2023-07-10,93.77332305908203
2023-07-11,94.68145751953125
2023-07-12,95.67472839355469
2023-07-13,96.10986328125
2023-07-14,96.11932373046875
2023-07-17,95.47607421875
2023-07-18,95.31525421142578
2023-07-19,96.32743835449219
2023-07-20,95.42877197265625
2023-07-21,97.26394653320312
2023-07-24,97.22611999511719
2023-07-25,97.35852813720703
2023-07-26,96.23284912109375
2023-07-27,95.33418273925781
2023-07-28,95.7787857055664
2023-07-31,96.08148193359375
2023-08-01,95.78824615478516
2023-08-02,96.61122131347656
2023-08-03,96.80043029785156
2023-08-04,95.23958587646484
2023-08-07,96.24230194091797
2023-08-08,95.25849914550781
2023-08-09,94.52064514160156
2023-08-10,96.679443359375
2023-08-11,96.04226684570312
2023-08-14,96.061279296875
2023-08-15,95.13880157470703
2023-08-16,94.13072967529297
2023-08-17,91.83881378173828
2023-08-18,92.46646881103516
2023-08-21,91.73419189453125
2023-08-22,91.36329650878906
2023-08-23,90.51689910888672
2023-08-24,90.1840591430664
2023-08-25,90.80220794677734
2023-08-28,92.28578186035156
2023-08-29,94.29240417480469
2023-08-30,94.37799835205078
2023-08-31,92.66618347167969
2023-09-01,93.19874572753906
2023-09-05,92.09556579589844
2023-09-06,91.2491683959961
2023-09-07,90.44083404541016
2023-09-08,90.61199951171875
2023-09-11,90.98289489746094
2023-09-12,91.52497100830078
2023-09-13,92.18116760253906
2023-09-14,92.39990997314453
2023-09-15,91.51546478271484
2023-09-18,92.01949310302734
2023-09-19,90.62150573730469
2023-09-20,90.49787902832031
2023-09-21,88.53881072998047
2023-09-22,89.09039306640625
2023-09-25,88.1964340209961
2023-09-26,87.49270629882812
2023-09-27,86.70336151123047
2023-09-28,86.6177749633789
2023-09-29,86.7984619140625
2023-10-02,86.66532897949219
2023-10-03,85.09616088867188
2023-10-04,86.68434143066406
2023-10-05,87.8445816040039
2023-10-06,88.30106353759766
2023-10-09,88.13939666748047
2023-10-10,88.61489868164062
2023-10-11,87.44513702392578
2023-10-12,86.94110107421875
2023-10-13,86.99818420410156
2023-10-16,89.06187438964844
2023-10-17,89.56588745117188
2023-10-18,89.15697479248047
2023-10-19,89.79415130615234
2023-10-20,89.57540893554688
2023-10-23,89.58491516113281
2023-10-24,89.98434448242188
2023-10-25,89.39470672607422
2023-10-26,88.12987518310547
2023-10-27,87.51172637939453
2023-10-30,88.58635711669922
2023-10-31,87.72093963623047
2023-11-01,86.87454986572266
2023-11-02,95.11026763916016
2023-11-03,97.62094116210938
2023-11-06,98.9333267211914
2023-11-07,98.60047149658203
2023-11-08,99.19010925292969
2023-11-09,97.75575256347656
2023-11-10,99.76384735107422
2023-11-13,98.97972869873047
2023-11-14,100.97825622558594
2023-11-15,101.38943481445312
2023-11-16,102.51779174804688
2023-11-17,100.9495620727539
2023-11-20,99.73516082763672
2023-11-21,99.15185546875
2023-11-22,98.91279602050781
2023-11-24,98.28167724609375
2023-11-27,97.88005828857422
2023-11-28,96.751708984375
2023-11-29,95.47990417480469
2023-11-30,94.95399475097656
2023-12-01,94.85836029052734
2023-12-04,93.3283920288086
2023-12-05,91.35853576660156
2023-12-06,92.77376556396484
2023-12-07,92.21915435791016
2023-12-08,92.38170623779297
2023-12-11,93.82563018798828
2023-12-12,93.85431671142578
2023-12-13,93.81607055664062
2023-12-14,93.5578842163086
2023-12-15,92.51559448242188
2023-12-18,92.33390808105469
2023-12-19,93.4431381225586
2023-12-20,90.56486511230469
2023-12-21,91.15774536132812
2023-12-22,91.10992431640625
2023-12-26,91.48285675048828
2023-12-27,91.1194839477539
2023-12-28,91.73147583007812
2023-12-29,91.80797576904297
2024-01-02,89.57038879394531
2024-01-03,89.14964294433594
2024-01-04,89.45564270019531
2024-01-05,88.92015075683594
2024-01-08,90.067626953125
2024-01-09,89.0157699584961
2024-01-10,89.40782928466797
2024-01-11,88.87234497070312
2024-01-12,87.95435333251953
2024-01-16,88.64283752441406
2024-01-17,87.7535400390625
2024-01-18,89.25483703613281
2024-01-19,89.7520751953125
2024-01-22,88.99665069580078
2024-01-23,87.94479370117188
2024-01-24,88.01172637939453
2024-01-25,88.55677795410156
2024-01-26,88.73846435546875
2024-01-29,89.6947021484375
2024-01-30,89.96244812011719
2024-01-31,88.95838928222656
2024-02-01,89.28352355957031
2024-02-02,88.92015075683594
2024-02-05,88.4611587524414
2024-02-06,91.48285675048828
2024-02-07,91.13861083984375
2024-02-08,92.91828155517578
2024-02-09,93.60130310058594
2024-02-12,91.84086608886719
2024-02-13,90.30168151855469
2024-02-14,90.49407958984375
2024-02-15,89.6763916015625
2024-02-16,89.6763916015625
2024-02-20,89.90726470947266
2024-02-21,91.40796661376953
2024-02-22,92.13908386230469
2024-02-23,91.98516845703125
2024-02-26,90.69611358642578
2024-02-27,90.55180358886719
2024-02-28,89.46475219726562
2024-02-29,91.29253387451172
2024-03-01,89.6186752319336
2024-03-04,88.94528198242188
2024-03-05,87.7524185180664
2024-03-06,88.16607666015625
2024-03-07,87.49267578125
2024-03-08,87.59849548339844
2024-03-11,88.57010650634766
2024-03-12,88.88756561279297
2024-03-13,88.12759399414062
2024-03-14,88.17569732666016
2024-03-15,86.69422912597656
2024-03-18,87.55039978027344
2024-03-19,88.10834503173828
2024-03-20,89.0799560546875
2024-03-21,88.17569732666016
2024-03-22,87.26181030273438
2024-03-25,87.22332000732422
2024-03-26,86.92510986328125
2024-03-27,88.02178192138672
2024-03-28,87.91596984863281
2024-04-01,88.05064392089844
2024-04-02,85.90541076660156
2024-04-03,85.32820892333984
2024-04-04,84.28926849365234
2024-04-05,83.54854583740234
2024-04-08,83.87561798095703
2024-04-09,83.8178939819336
2024-04-10,82.68275451660156
2024-04-11,82.6346435546875
2024-04-12,81.69190216064453
2024-04-15,81.9323959350586
2024-04-16,82.17289733886719
2024-04-17,82.93286895751953
2024-04-18,83.83714294433594
2024-04-19,84.27964782714844
2024-04-22,84.8279800415039
2024-04-23,84.5297622680664
2024-04-24,85.37631225585938
2024-04-25,84.50090026855469
2024-04-26,84.89531707763672
2024-04-29,84.97228240966797
2024-04-30,85.12619018554688
2024-05-01,71.61028289794922
2024-05-02,72.0816650390625
2024-05-03,70.33084106445312
2024-05-06,70.12882232666016
2024-05-07,69.74403381347656
2024-05-08,70.70601654052734
2024-05-09,72.80314636230469
2024-05-10,73.21680450439453
2024-05-13,73.28413391113281
2024-05-14,72.75505065917969
2024-05-15,72.8223876953125
2024-05-16,72.96778106689453
2024-05-17,75.45884704589844
2024-05-20,75.15836334228516
2024-05-21,75.33283996582031
2024-05-22,78.24069213867188
2024-05-23,75.90470886230469
2024-05-24,76.44751739501953
2024-05-28,75.10021209716797
2024-05-29,74.51863861083984
2024-05-30,76.34088897705078
2024-05-31,77.75605010986328
2024-06-03,79.55892944335938
2024-06-04,80.24712371826172
2024-06-05,78.66718292236328
2024-06-06,78.96766662597656
2024-06-07,78.92888641357422
2024-06-10,79.09365844726562
2024-06-11,77.43618774414062
2024-06-12,76.94184112548828
2024-06-13,77.77542877197266
2024-06-14,77.20355224609375
2024-06-17,78.83197021484375
2024-06-18,77.73665618896484
2024-06-20,77.27141571044922
2024-06-21,77.45558166503906
2024-06-24,77.2811050415039
2024-06-25,76.84492492675781
2024-06-26,76.71891784667969
2024-06-27,76.80615234375
2024-06-28,75.45884704589844
2024-07-01,74.76095581054688
2024-07-02,74.47017669677734
2024-07-03,73.91767883300781
2024-07-05,73.71412658691406
2024-07-08,72.27959442138672
2024-07-09,70.51548767089844
2024-07-10,70.2828598022461
2024-07-11,71.04859924316406
2024-07-12,72.53160858154297
2024-07-15,70.51548767089844
2024-07-16,73.19071960449219
2024-07-17,72.7933120727539
2024-07-18,71.91127014160156
2024-07-19,76.83522033691406
2024-07-22,74.19877624511719
2024-07-23,73.91767883300781
2024-07-24,72.38621520996094
2024-07-25,71.06797790527344
2024-07-26,71.77556610107422
2024-07-29,72.8902359008789
2024-07-30,73.60750579833984
2024-07-31,75.5557632446289
2024-08-01,72.8030014038086
2024-08-02,73.54934692382812
2024-08-05,71.59140014648438
2024-08-06,73.05501556396484
2024-08-07,72.97747039794922
2024-08-08,73.42335510253906
2024-08-09,72.78361511230469
2024-08-12,74.66403198242188
2024-08-13,92.9544448852539
2024-08-14,91.015869140625
2024-08-15,91.96576690673828
2024-08-16,92.45333862304688
2024-08-19,90.0057373046875
2024-08-20,90.69808197021484
2024-08-21,90.47380065917969
2024-08-22,90.13250732421875
2024-08-23,91.68297576904297
2024-08-26,93.25296020507812
2024-08-27,96.14913940429688
2024-08-28,92.93115997314453
2024-08-29,92.5020980834961
2024-08-30,92.21930694580078
2024-09-03,90.86386108398438
2024-09-04,90.03498840332031
2024-09-05,89.28411865234375
2024-09-06,88.88431549072266
2024-09-09,89.91797637939453
2024-09-10,91.01988220214844
2024-09-11,95.75907135009766
2024-09-12,96.8122329711914
2024-09-13,96.11988067626953
2024-09-16,93.91605377197266
2024-09-17,94.0428237915039
2024-09-18,93.73078155517578
2024-09-19,94.49139404296875
2024-09-20,93.66251373291016
2024-09-23,93.106689453125
2024-09-24,92.10227966308594
2024-09-25,93.24321746826172
2024-09-26,95.04722595214844
2024-09-27,94.93995666503906
2024-09-30,95.06671905517578
2024-10-01,95.00821685791016
2024-10-02,94.10133361816406
2024-10-03,93.1846923828125
2024-10-04,94.1793441772461
2024-10-07,93.7015151977539
2024-10-08,93.81853485107422
2024-10-09,93.49674224853516
2024-10-10,91.54645538330078
2024-10-11,93.1749496459961
2024-10-14,92.40458679199219
2024-10-15,92.67762756347656
2024-10-16,93.0871810913086
2024-10-17,92.90190124511719
2024-10-18,94.43287658691406
2024-10-21,94.05257415771484
2024-10-22,94.41338348388672
2024-10-23,95.22274780273438
2024-10-24,94.73518371582031
2024-10-25,94.89119720458984
2024-10-28,95.58354949951172
2024-10-29,94.96920776367188
2024-10-30,94.90095520019531
2024-10-31,95.2715072631836
2024-11-01,96.41242218017578
2024-11-04,94.6181640625
2024-11-05,94.67667388916016
2024-11-06,93.6917724609375
2024-11-07,93.73078155517578
2024-11-08,95.12523651123047
2024-11-11,97.81661987304688
2024-11-12,96.34416961669922
2024-11-13,97.3193130493164
2024-11-14,96.76348114013672
2024-11-15,96.5672378540039
2024-11-18,98.50997161865234
2024-11-19,96.49855041503906
2024-11-20,96.4102554321289
2024-11-21,98.17636108398438
2024-11-22,100.5704345703125
2024-11-25,99.92285919189453
2024-11-26,98.7846908569336
2024-11-27,99.59907531738281
2024-11-29,100.53118133544922
2024-12-02,99.59907531738281
2024-12-03,99.65794372558594
2024-12-04,98.80431365966797
2024-12-05,97.36199188232422
2024-12-06,98.22542572021484
2024-12-09,97.44048309326172
2024-12-10,96.3121337890625
2024-12-11,96.5672378540039
2024-12-12,95.97853088378906
2024-12-13,95.5860595703125
2024-12-16,91.36701965332031
2024-12-17,90.35639953613281
2024-12-18,88.20763397216797
2024-12-19,87.0890884399414
2024-12-20,86.31395721435547
2024-12-23,85.79393768310547
2024-12-24,88.21745300292969
2024-12-26,90.13072967529297
2024-12-27,90.51338958740234
2024-12-30,88.87483215332031
2024-12-31,89.53221130371094
2025-01-02,90.43489837646484
2025-01-03,90.8371810913086
2025-01-06,91.37681579589844
2025-01-07,91.09228515625
2025-01-08,90.85679626464844
2025-01-10,90.51338958740234
2025-01-13,91.74967193603516
2025-01-14,91.31795501708984
2025-01-15,91.32777404785156
2025-01-16,92.65235137939453
2025-01-17,93.33917236328125
2025-01-21,96.13552856445312
2025-01-22,95.8902359008789
2025-01-23,96.14533233642578
2025-01-24,96.94989776611328
2025-01-27,98.13711547851562
2025-01-28,98.519775390625
2025-01-29,106.5359878540039
2025-01-30,106.94807434082031
2025-01-31,105.6529312133789
2025-02-03,106.12388610839844
2025-02-04,108.5179443359375
2025-02-05,110.13688659667969
2025-02-06,109.59723663330078
2025-02-07,110.08782196044922
2025-02-10,109.35194396972656
2025-02-11,108.93985748291016
2025-02-12,110.91201782226562
2025-02-13,110.87277221679688
2025-02-14,111.03060913085938
2025-02-18,111.5041275024414
2025-02-19,110.97142028808594
2025-02-20,111.8099365234375
2025-02-21,110.24140930175781
2025-02-24,111.66197204589844
2025-02-25,113.04306030273438
2025-02-26,111.47453308105469
2025-02-27,112.94441223144531
2025-02-28,114.24659729003906
2025-03-03,113.85200500488281
2025-03-04,110.5472183227539
2025-03-05,110.18222045898438
2025-03-06,104.04618835449219
2025-03-07,105.04255676269531
2025-03-10,99.76477813720703
2025-03-11,98.23570251464844
2025-03-12,97.35771942138672
2025-03-13,94.74349212646484
2025-03-14,96.7855453491211
2025-03-17,97.7424545288086
2025-03-18,96.9532470703125
2025-03-19,97.8509750366211
2025-03-20,97.93975067138672
2025-03-21,95.75958251953125
2025-03-24,94.42781066894531
2025-03-25,94.58564758300781
2025-03-26,96.6474380493164
2025-03-27,97.51555633544922
2025-03-28,96.41068267822266
2025-03-31,96.76581573486328
2025-04-01,96.90392303466797
2025-04-02,98.0679931640625
2025-04-03,87.06851959228516
2025-04-04,80.9916763305664
2025-04-07,78.92002868652344
2025-04-08,78.61421203613281
2025-04-09,87.48284149169922
2025-04-10,83.45792388916016
2025-04-11,84.27672576904297
2025-04-14,84.33590698242188
2025-04-15,82.57994079589844
2025-04-16,79.66976928710938
2025-04-17,80.39977264404297
2025-04-21,79.59085083007812
2025-04-22,80.64640045166016
2025-04-23,81.69209289550781
2025-04-24,82.72792053222656
2025-04-25,82.67858123779297
2025-04-28,82.76737976074219
2025-04-29,83.70455169677734
2025-04-30,78.96935272216797
2025-05-01,80.90289306640625
2025-05-02,83.54670715332031
2025-05-05,80.55762481689453
2025-05-06,81.66249084472656
2025-05-07,81.59344482421875
2025-05-08,81.08045959472656
2025-05-09,79.21598052978516
2025-05-12,84.51347351074219
2025-05-13,85.70714569091797
2025-05-14,85.37173461914062
2025-05-15,86.08201599121094
2025-05-16,85.00909423828125
2025-05-19,84.05538940429688
2025-05-20,85.02896118164062
2025-05-21,82.43608093261719
2025-05-22,83.41958618164062
2025-05-23,83.84677124023438
2025-05-27,86.43965911865234
2025-05-28,85.436279296875
2025-05-29,83.49906158447266
2025-05-30,83.39971160888672
2025-06-02,84.631591796875
2025-06-03,86.03234100341797
2025-06-04,87.5324478149414
2025-06-05,86.41978454589844
2025-06-06,89.05242156982422
2025-06-09,90.07566833496094
2025-06-10,90.8306884765625
2025-06-11,94.76472473144531
2025-06-12,93.70174407958984
2025-06-13,92.64868927001953
2025-06-16,92.86724853515625
2025-06-17,90.98963165283203
2025-06-18,91.67510986328125
2025-06-20,92.50961303710938
2025-06-23,91.7347183227539
2025-06-24,90.90022277832031
2025-06-25,90.50284576416016
2025-06-26,91.23799133300781
2025-06-27,91.5062255859375
2025-06-30,91.02937316894531
2025-07-01,94.29780578613281
2025-07-02,93.56266021728516
2025-07-03,93.82096099853516
2025-07-07,93.02619934082031
2025-07-08,94.31768035888672
2025-07-09,94.62564849853516
2025-07-10,94.52630615234375
2025-07-11,94.31768035888672
2025-07-14,92.8076400756836
2025-07-15,91.87380981445312
2025-07-16,91.90361022949219
2025-07-17,92.57914733886719
2025-07-18,93.18515014648438
2025-07-21,92.05262756347656
2025-07-22,96.30457305908203
2025-07-23,95.29125213623047
2025-07-24,93.08580017089844
2025-07-25,93.80108642578125
2025-07-28,93.05599975585938
2025-07-29,92.35065460205078
2025-07-30,92.15196990966797
2025-07-31,88.57556915283203
2025-08-01,86.29064178466797
2025-08-04,89.19149780273438
2025-08-05,89.6087417602539
2025-08-06,88.40667724609375
2025-08-07,90.42337036132812
2025-08-08,91.51616668701172
2025-08-11,91.1386489868164
2025-08-12,92.75797271728516
2025-08-13,93.56266021728516
2025-08-14,92.44999694824219
2025-08-15,90.5999984741211
2025-08-18,92.54000091552734
2025-08-19,90.93000030517578
2025-08-20,89.51000213623047
2025-08-21,88.55999755859375
2025-08-22,88.37999725341797
2025-08-25,85.80999755859375
2025-08-26,86.62999725341797
2025-08-27,87.66000366210938
2025-08-28,88.0199966430664
2025-08-29,88.19000244140625
2025-09-02,89.77999877929688
2025-09-03,87.25
2025-09-04,87.01000213623047
2025-09-05,85.43000030517578
2025-09-08,84.16999816894531
2025-09-09,83.80999755859375
2025-09-10,82.87999725341797
2025-09-11,82.36000061035156
2025-09-12,81.9000015258789
2025-09-15,82.68000030517578
2025-09-16,84.37000274658203
2025-09-17,83.22000122070312
2025-09-18,83.41999816894531
2025-09-19,84.55999755859375
